Workbook

Sheet empresas_filtradas
A1: cnpj | B1: nome_fantasia | C1: situacao_cadastral | D1: pais | E1: cnae_principal | F1: numero | G1: complemento | H1: cep | I1: uf | J1: municipio | K1: email | L1: se | M1: veredito | N1: output | O1: local
A2: 35820448004557 | C2: 2 | E2: 2014200 | F2: S/N | H2: 35970000 | I2: MG | J2: 4107 | K2: WHITEMARTINS | L2: {=IF(SUMPRODUCT(COUNTIF(empresas_filtradas[[#This Row],[cnpj]:[email]],"*"&#REF!&"*"))>0,"sim","não")} -> não | M2: Potencial Planta | N2: =_xlfn.XLOOKUP(empresas_filtradas[[#This Row],[cnpj]], empresas_identificadas_compleme!A:A, empresas_identificadas_compleme!B:B) -> produz_h2 | O2: =_xlfn.XLOOKUP(empresas_filtradas[[#This Row],[cnpj]], empresas_identificadas_compleme!A:A, empresas_identificadas_compleme!C:C) -> CTF_APP e 80km
A3: 60619202001896 | C3: 3 | E3: 2014200 | F3: 65 | H3: 57080010 | I3: AL | J3: 2785 | K3: rita.rocha@br.aga.com | L3: {=IF(SUMPRODUCT(COUNTIF(empresas_filtradas[[#This Row],[cnpj]:[email]],"*"&#REF!&"*"))>0,"sim","não")} -> não | M3: Sem Relação | N3: =_xlfn.XLOOKUP(empresas_filtradas[[#This Row],[cnpj]], empresas_identificadas_compleme!A:A, empresas_identificadas_compleme!B:B) -> talvez | O3: =_xlfn.XLOOKUP(empresas_filtradas[[#This Row],[cnpj]], empresas_identificadas_compleme!A:A, empresas_identificadas_compleme!C:C) -> 80km
A4: 60619202000490 | B4: MESSER GASES | C4: 2 | E4: 2014200 | F4: 1825 | H4: 78098370 | I4: MT | J4: 9067 | K4: TAX.COMPLIANCE@MESSER-BR.COM | L4: {=IF(SUMPRODUCT(COUNTIF(empresas_filtradas[[#This Row],[cnpj]:[email]],"*"&#REF!&"*"))>0,"sim","não")} -> não | M4: Não Planta | N4: =_xlfn.XLOOKUP(empresas_filtradas[[#This Row],[cnpj]], empresas_identificadas_compleme!A:A, empresas_identificadas_compleme!B:B) -> talvez | O4: =_xlfn.XLOOKUP(empresas_filtradas[[#This Row],[cnpj]], empresas_identificadas_compleme!A:A, empresas_identificadas_compleme!C:C) -> CTF_APP
A5: 331788004530 | C5: 2 | E5: 2014200 | F5: S/ N | G5: PARTE | H5: 23570000 | I5: RJ | J5: 6001 | K5: BRALB-PARALEGAL@AIRLIQUIDE.COM | L5: {=IF(SUMPRODUCT(COUNTIF(empresas_filtradas[[#This Row],[cnpj]:[email]],"*"&#REF!&"*"))>0,"sim","não")} -> não | M5: Potencial Planta | N5: =_xlfn.XLOOKUP(empresas_filtradas[[#This Row],[cnpj]], empresas_identificadas_compleme!A:A, empresas_identificadas_compleme!B:B) -> talvez | O5: =_xlfn.XLOOKUP(empresas_filtradas[[#This Row],[cnpj]], empresas_identificadas_compleme!A:A, empresas_identificadas_compleme!C:C) -> 80km
A6: 8892204000196 | C6: 2 | E6: 2014200 | F6: 00003 | H6: 20921392 | I6: RJ | J6: 6001 | K6: NFE.ENTRADA@RECIGASES.COM | L6: {=IF(SUMPRODUCT(COUNTIF(empresas_filtradas[[#This Row],[cnpj]:[email]],"*"&#REF!&"*"))>0,"sim","não")} -> não | M6: Sem Relação | N6: =_xlfn.XLOOKUP(empresas_filtradas[[#This Row],[cnpj]], empresas_identificadas_compleme!A:A, empresas_identificadas_compleme!B:B) -> talvez | O6: =_xlfn.XLOOKUP(empresas_filtradas[[#This Row],[cnpj]], empresas_identificadas_compleme!A:A, empresas_identificadas_compleme!C:C) -> 80km
A7: 35820448019317 | C7: 2 | E7: 2014200 | F7: 660 | H7: 13505645 | I7: SP | J7: 6979 | K7: ATENDIMENTO@SAC.WHITEMARTINS.COM.BR | L7: {=IF(SUMPRODUCT(COUNTIF(empresas_filtradas[[#This Row],[cnpj]:[email]],"*"&#REF!&"*"))>0,"sim","não")} -> não | M7: Potencial Planta | N7: =_xlfn.XLOOKUP(empresas_filtradas[[#This Row],[cnpj]], empresas_identificadas_compleme!A:A, empresas_identificadas_compleme!B:B) -> talvez | O7: =_xlfn.XLOOKUP(empresas_filtradas[[#This Row],[cnpj]], empresas_identificadas_compleme!A:A, empresas_identificadas_compleme!C:C) -> CTF_APP e 80km
A8: 10911087000102 | C8: 2 | E8: 2014200 | F8: 406 | H8: 13183660 | I8: SP | J8: 2951 | K8: HORTOOXI@GMAIL.COM | L8: {=IF(SUMPRODUCT(COUNTIF(empresas_filtradas[[#This Row],[cnpj]:[email]],"*"&#REF!&"*"))>0,"sim","não")} -> não | M8: Sem Relação | N8: =_xlfn.XLOOKUP(empresas_filtradas[[#This Row],[cnpj]], empresas_identificadas_compleme!A:A, empresas_identificadas_compleme!B:B) -> incerto | O8: =_xlfn.XLOOKUP(empresas_filtradas[[#This Row],[cnpj]], empresas_identificadas_compleme!A:A, empresas_identificadas_compleme!C:C) -> 80km
A9: 43843358003023 | C9: 2 | E9: 2014200 | F9: S/N | G9: KM 28,5 - PARTE | H9: 18278725 | I9: SP | J9: 7181 | K9: IMPNFE@AIRPRODUCTS.COM | L9: {=IF(SUMPRODUCT(COUNTIF(empresas_filtradas[[#This Row],[cnpj]:[email]],"*"&#REF!&"*"))>0,"sim","não")} -> não | M9: Não Planta | N9: =_xlfn.XLOOKUP(empresas_filtradas[[#This Row],[cnpj]], empresas_identificadas_compleme!A:A, empresas_identificadas_compleme!B:B) -> talvez | O9: =_xlfn.XLOOKUP(empresas_filtradas[[#This Row],[cnpj]], empresas_identificadas_compleme!A:A, empresas_identificadas_compleme!C:C) -> CTF_APP
A10: 331788005773 | B10: AIR LIQUIDE BRASIL LTDA | C10: 2 | E10: 2014200 | F10: 01 | H10: 71225526 | I10: DF | J10: 9701 | K10: BRALB-PARALEGAL@AIRLIQUIDE.COM | L10: {=IF(SUMPRODUCT(COUNTIF(empresas_filtradas[[#This Row],[cnpj]:[email]],"*"&#REF!&"*"))>0,"sim","não")} -> não | M10: Não Planta | N10: =_xlfn.XLOOKUP(empresas_filtradas[[#This Row],[cnpj]], empresas_identificadas_compleme!A:A, empresas_identificadas_compleme!B:B) -> talvez | O10: =_xlfn.XLOOKUP(empresas_filtradas[[#This Row],[cnpj]], empresas_identificadas_compleme!A:A, empresas_identificadas_compleme!C:C) -> CTF_APP
A11: 331788006230 | B11: AIR LIQUIDE BRASIL LTDA | C11: 2 | E11: 2014200 | F11: 2-71 | G11: QUADRA PI2 | H11: 17034290 | I11: SP | J11: 6219 | K11: BRALB-PARALEGAL@AIRLIQUIDE.COM | L11: {=IF(SUMPRODUCT(COUNTIF(empresas_filtradas[[#This Row],[cnpj]:[email]],"*"&#REF!&"*"))>0,"sim","não")} -> não | M11: Não Planta | N11: =_xlfn.XLOOKUP(empresas_filtradas[[#This Row],[cnpj]], empresas_identificadas_compleme!A:A, empresas_identificadas_compleme!B:B) -> talvez | O11: =_xlfn.XLOOKUP(empresas_filtradas[[#This Row],[cnpj]], empresas_identificadas_compleme!A:A, empresas_identificadas_compleme!C:C) -> CTF_APP
A12: 12201621000112 | B12: OXIGENIO NOVA GERACAO | C12: 2 | E12: 2014200 | F12: 1959 | H12: 81650060 | I12: PR | J12: 7535 | K12: AXIGAS@AXIGAS.COM.BR | L12: {=IF(SUMPRODUCT(COUNTIF(empresas_filtradas[[#This Row],[cnpj]:[email]],"*"&#REF!&"*"))>0,"sim","não")} -> não | M12: Relação | N12: =_xlfn.XLOOKUP(empresas_filtradas[[#This Row],[cnpj]], empresas_identificadas_compleme!A:A, empresas_identificadas_compleme!B:B) -> talvez | O12: =_xlfn.XLOOKUP(empresas_filtradas[[#This Row],[cnpj]], empresas_identificadas_compleme!A:A, empresas_identificadas_compleme!C:C) -> 80km
A13: 22290296000165 | B13: OXGAS | C13: 2 | E13: 2014200 | F13: 1094 | H13: 29157025 | I13: ES | J13: 5625 | K13: CONTABIL@OXGAS.COM.BR | L13: {=IF(SUMPRODUCT(COUNTIF(empresas_filtradas[[#This Row],[cnpj]:[email]],"*"&#REF!&"*"))>0,"sim","não")} -> não | M13: Sem Relação | N13: =_xlfn.XLOOKUP(empresas_filtradas[[#This Row],[cnpj]], empresas_identificadas_compleme!A:A, empresas_identificadas_compleme!B:B) -> talvez | O13: =_xlfn.XLOOKUP(empresas_filtradas[[#This Row],[cnpj]], empresas_identificadas_compleme!A:A, empresas_identificadas_compleme!C:C) -> 80km
A14: 24539446000157 | B14: PCI | C14: 2 | D14: 249 | E14: 2014200 | F14: S/N | G14: 925034820 | I14: EX | J14: 9707 | K14: SERES.BAUM@WGI.ONE | L14: {=IF(SUMPRODUCT(COUNTIF(empresas_filtradas[[#This Row],[cnpj]:[email]],"*"&#REF!&"*"))>0,"sim","não")} -> não | M14: Sem Relação | N14: =_xlfn.XLOOKUP(empresas_filtradas[[#This Row],[cnpj]], empresas_identificadas_compleme!A:A, empresas_identificadas_compleme!B:B) -> talvez | O14: =_xlfn.XLOOKUP(empresas_filtradas[[#This Row],[cnpj]], empresas_identificadas_compleme!A:A, empresas_identificadas_compleme!C:C) -> 0
A15: 11501268000123 | C15: 2 | E15: 2014200 | F15: 08 | H15: 65911769 | I15: MA | J15: 803 | K15: TROPICALIMPORTADORA@CONTADORGESTOR.COM.BR | L15: {=IF(SUMPRODUCT(COUNTIF(empresas_filtradas[[#This Row],[cnpj]:[email]],"*"&#REF!&"*"))>0,"sim","não")} -> não | M15: Sem Relação | N15: =_xlfn.XLOOKUP(empresas_filtradas[[#This Row],[cnpj]], empresas_identificadas_compleme!A:A, empresas_identificadas_compleme!B:B) -> incerto | O15: =_xlfn.XLOOKUP(empresas_filtradas[[#This Row],[cnpj]], empresas_identificadas_compleme!A:A, empresas_identificadas_compleme!C:C) -> 0
A16: 60619202002272 | B16: MESSER GASES | C16: 2 | E16: 2014200 | F16: 824 | G16: QUADRA15 E 20 | H16: 42816140 | I16: BA | J16: 3413 | K16: TAX.COMPLIANCE@MESSER-BR.COM | L16: {=IF(SUMPRODUCT(COUNTIF(empresas_filtradas[[#This Row],[cnpj]:[email]],"*"&#REF!&"*"))>0,"sim","não")} -> não | M16: Potencial Planta | N16: =_xlfn.XLOOKUP(empresas_filtradas[[#This Row],[cnpj]], empresas_identificadas_compleme!A:A, empresas_identificadas_compleme!B:B) -> talvez | O16: =_xlfn.XLOOKUP(empresas_filtradas[[#This Row],[cnpj]], empresas_identificadas_compleme!A:A, empresas_identificadas_compleme!C:C) -> CTF_APP e 80km
A17: 24380578005903 | C17: 2 | E17: 2014200 | F17: S/N | G17: KM 20 | H17: 79602970 | I17: MS | J17: 9165 | K17: ATENDIMENTO@SAC.WHITEMARTINS.COM.BR | L17: {=IF(SUMPRODUCT(COUNTIF(empresas_filtradas[[#This Row],[cnpj]:[email]],"*"&#REF!&"*"))>0,"sim","não")} -> não | M17: Não Planta | N17: =_xlfn.XLOOKUP(empresas_filtradas[[#This Row],[cnpj]], empresas_identificadas_compleme!A:A, empresas_identificadas_compleme!B:B) -> talvez | O17: =_xlfn.XLOOKUP(empresas_filtradas[[#This Row],[cnpj]], empresas_identificadas_compleme!A:A, empresas_identificadas_compleme!C:C) -> CTF_APP
A18: 26288918000171 | C18: 2 | E18: 2014200 | F18: 330 | G18: GALPAO04 | H18: 89245000 | I18: SC | J18: 8025 | K18: SOCIETARIO1@ATOS.CNT.BR | L18: {=IF(SUMPRODUCT(COUNTIF(empresas_filtradas[[#This Row],[cnpj]:[email]],"*"&#REF!&"*"))>0,"sim","não")} -> não | M18: Sem Relação | N18: =_xlfn.XLOOKUP(empresas_filtradas[[#This Row],[cnpj]], empresas_identificadas_compleme!A:A, empresas_identificadas_compleme!B:B) -> incerto | O18: =_xlfn.XLOOKUP(empresas_filtradas[[#This Row],[cnpj]], empresas_identificadas_compleme!A:A, empresas_identificadas_compleme!C:C) -> 0
A19: 35820448021303 | C19: 2 | E19: 2014200 | F19: 255 | H19: 13288172 | I19: SP | J19: 7237 | K19: ATENDIMENTO@SAC.WHITEMARTINS.COM.BR | L19: {=IF(SUMPRODUCT(COUNTIF(empresas_filtradas[[#This Row],[cnpj]:[email]],"*"&#REF!&"*"))>0,"sim","não")} -> não | M19: Potencial Planta | N19: =_xlfn.XLOOKUP(empresas_filtradas[[#This Row],[cnpj]], empresas_identificadas_compleme!A:A, empresas_identificadas_compleme!B:B) -> talvez | O19: =_xlfn.XLOOKUP(empresas_filtradas[[#This Row],[cnpj]], empresas_identificadas_compleme!A:A, empresas_identificadas_compleme!C:C) -> CTF_APP e 80km
A20: 35820448022024 | C20: 2 | E20: 2014200 | F20: S/N | G20: KM 547 ANEXO ENTRADA PELA ROD. LMG 748 KM 29 SENTIDO ARAGUARI | H20: 38490000 | I20: MG | J20: 4613 | K20: ATENDIMENTO@SAC.WHITEMARTINS.COM.BR | L20: {=IF(SUMPRODUCT(COUNTIF(empresas_filtradas[[#This Row],[cnpj]:[email]],"*"&#REF!&"*"))>0,"sim","não")} -> não | M20: Potencial Planta | N20: =_xlfn.XLOOKUP(empresas_filtradas[[#This Row],[cnpj]], empresas_identificadas_compleme!A:A, empresas_identificadas_compleme!B:B) -> talvez | O20: =_xlfn.XLOOKUP(empresas_filtradas[[#This Row],[cnpj]], empresas_identificadas_compleme!A:A, empresas_identificadas_compleme!C:C) -> CTF_APP e 80km
A21: 42315528000108 | B21: TELEGAS INDUSTRIA E COMERCIO | C21: 2 | E21: 2014200 | F21: S/N | G21: QUADRAB LOTE 20 E 40 | H21: 59147325 | I21: RN | J21: 1779 | K21: FDEADOSSANTOS@GMAIL.COM | L21: {=IF(SUMPRODUCT(COUNTIF(empresas_filtradas[[#This Row],[cnpj]:[email]],"*"&#REF!&"*"))>0,"sim","não")} -> não | M21: Sem Relação | N21: =_xlfn.XLOOKUP(empresas_filtradas[[#This Row],[cnpj]], empresas_identificadas_compleme!A:A, empresas_identificadas_compleme!B:B) -> talvez | O21: =_xlfn.XLOOKUP(empresas_filtradas[[#This Row],[cnpj]], empresas_identificadas_compleme!A:A, empresas_identificadas_compleme!C:C) -> 0
A22: 45829243000175 | B22: TRUCKS EVAN U.S.A. HIDROGENIO | C22: 2 | E22: 2014200 | F22: 480 | G22: LOJA | H22: 36052590 | I22: MG | J22: 4733 | K22: CONTABILIDADE@KSCONTABIL.COM.BR | L22: {=IF(SUMPRODUCT(COUNTIF(empresas_filtradas[[#This Row],[cnpj]:[email]],"*"&#REF!&"*"))>0,"sim","não")} -> não | M22: Sem Relação | N22: =_xlfn.XLOOKUP(empresas_filtradas[[#This Row],[cnpj]], empresas_identificadas_compleme!A:A, empresas_identificadas_compleme!B:B) -> talvez | O22: =_xlfn.XLOOKUP(empresas_filtradas[[#This Row],[cnpj]], empresas_identificadas_compleme!A:A, empresas_identificadas_compleme!C:C) -> 0
A23: 63634596000444 | C23: 2 | E23: 2014200 | F23: S/N | G23: KM 1565 | H23: 68632000 | I23: PA | J23: 623 | K23: TRIBUTARIOGS@GRUPOSIMOES.COM.BR | L23: {=IF(SUMPRODUCT(COUNTIF(empresas_filtradas[[#This Row],[cnpj]:[email]],"*"&#REF!&"*"))>0,"sim","não")} -> não | M23: Sem Relação | N23: =_xlfn.XLOOKUP(empresas_filtradas[[#This Row],[cnpj]], empresas_identificadas_compleme!A:A, empresas_identificadas_compleme!B:B) -> incerto | O23: =_xlfn.XLOOKUP(empresas_filtradas[[#This Row],[cnpj]], empresas_identificadas_compleme!A:A, empresas_identificadas_compleme!C:C) -> CTF_APP
A24: 52238156000109 | C24: 2 | E24: 2014200 | F24: 1781 | H24: 27197000 | I24: RJ | J24: 778 | K24: ASPCONTABILIDADEVR@HOTMAIL.COM | L24: {=IF(SUMPRODUCT(COUNTIF(empresas_filtradas[[#This Row],[cnpj]:[email]],"*"&#REF!&"*"))>0,"sim","não")} -> não | M24: Sem Relação | N24: =_xlfn.XLOOKUP(empresas_filtradas[[#This Row],[cnpj]], empresas_identificadas_compleme!A:A, empresas_identificadas_compleme!B:B) -> incerto | O24: =_xlfn.XLOOKUP(empresas_filtradas[[#This Row],[cnpj]], empresas_identificadas_compleme!A:A, empresas_identificadas_compleme!C:C) -> 80km
A25: 52315566000106 | C25: 2 | E25: 2014200 | F25: 1777 | G25: SALA 1107 | H25: 30170008 | I25: MG | J25: 4123 | K25: CGF@SOLATIO.COM.BR | L25: {=IF(SUMPRODUCT(COUNTIF(empresas_filtradas[[#This Row],[cnpj]:[email]],"*"&#REF!&"*"))>0,"sim","não")} -> não | M25: Conceito de Planta | N25: =_xlfn.XLOOKUP(empresas_filtradas[[#This Row],[cnpj]], empresas_identificadas_compleme!A:A, empresas_identificadas_compleme!B:B) -> talvez | O25: =_xlfn.XLOOKUP(empresas_filtradas[[#This Row],[cnpj]], empresas_identificadas_compleme!A:A, empresas_identificadas_compleme!C:C) -> 80km
A26: 54443328000101 | B26: GEP-PIAUI | C26: 2 | D26: 105 | E26: 2014200 | F26: S/N | G26: CXPST 60 | H26: 64200970 | I26: PI | J26: 1153 | K26: INFO@GEP-GLOBAL.COM | L26: {=IF(SUMPRODUCT(COUNTIF(empresas_filtradas[[#This Row],[cnpj]:[email]],"*"&#REF!&"*"))>0,"sim","não")} -> não | M26: Conceito de Planta | N26: =_xlfn.XLOOKUP(empresas_filtradas[[#This Row],[cnpj]], empresas_identificadas_compleme!A:A, empresas_identificadas_compleme!B:B) -> talvez | O26: =_xlfn.XLOOKUP(empresas_filtradas[[#This Row],[cnpj]], empresas_identificadas_compleme!A:A, empresas_identificadas_compleme!C:C) -> 0
A27: 55482177000163 | B27: OXINE | C27: 2 | E27: 2014200 | F27: 300 | G27: GALPAO | H27: 55660000 | I27: PE | J27: 2337 | K27: SILTON@SILTON.COM.BR | L27: {=IF(SUMPRODUCT(COUNTIF(empresas_filtradas[[#This Row],[cnpj]:[email]],"*"&#REF!&"*"))>0,"sim","não")} -> não | M27: Sem Relação | N27: =_xlfn.XLOOKUP(empresas_filtradas[[#This Row],[cnpj]], empresas_identificadas_compleme!A:A, empresas_identificadas_compleme!B:B) -> #N/A | O27: =_xlfn.XLOOKUP(empresas_filtradas[[#This Row],[cnpj]], empresas_identificadas_compleme!A:A, empresas_identificadas_compleme!C:C) -> #N/A
A28: 57155559000108 | B28: SOS GASES INDUSTRIAIS | C28: 2 | D28: 105 | E28: 2014200 | F28: 1300 | H28: 58069263 | I28: PB | J28: 2051 | K28: SOSGASESINDUSTRIA@GMAIL.COM | L28: {=IF(SUMPRODUCT(COUNTIF(empresas_filtradas[[#This Row],[cnpj]:[email]],"*"&#REF!&"*"))>0,"sim","não")} -> não | M28: Sem Relação | N28: =_xlfn.XLOOKUP(empresas_filtradas[[#This Row],[cnpj]], empresas_identificadas_compleme!A:A, empresas_identificadas_compleme!B:B) -> incerto | O28: =_xlfn.XLOOKUP(empresas_filtradas[[#This Row],[cnpj]], empresas_identificadas_compleme!A:A, empresas_identificadas_compleme!C:C) -> 0
A29: 45517186000199 | B29: OXIGENIO CAROL | C29: 2 | E29: 2014200 | F29: 420 | G29: GALPAO02 | H29: 18105008 | I29: SP | J29: 7145 | K29: LEGALIZACAO@FIDERECONTABIL.COM.BR | L29: {=IF(SUMPRODUCT(COUNTIF(empresas_filtradas[[#This Row],[cnpj]:[email]],"*"&#REF!&"*"))>0,"sim","não")} -> não | M29: Sem Relação | N29: =_xlfn.XLOOKUP(empresas_filtradas[[#This Row],[cnpj]], empresas_identificadas_compleme!A:A, empresas_identificadas_compleme!B:B) -> #N/A | O29: =_xlfn.XLOOKUP(empresas_filtradas[[#This Row],[cnpj]], empresas_identificadas_compleme!A:A, empresas_identificadas_compleme!C:C) -> #N/A
A30: 331788010939 | C30: 2 | E30: 2014200 | F30: S/N | G30: KM 11 5 | H30: 42813760 | I30: BA | J30: 3413 | K30: BRALB-PARALEGAL@AIRLIQUIDE.COM | L30: {=IF(SUMPRODUCT(COUNTIF(empresas_filtradas[[#This Row],[cnpj]:[email]],"*"&#REF!&"*"))>0,"sim","não")} -> não | M30: Não Planta | N30: =_xlfn.XLOOKUP(empresas_filtradas[[#This Row],[cnpj]], empresas_identificadas_compleme!A:A, empresas_identificadas_compleme!B:B) -> talvez | O30: =_xlfn.XLOOKUP(empresas_filtradas[[#This Row],[cnpj]], empresas_identificadas_compleme!A:A, empresas_identificadas_compleme!C:C) -> 80km
A31: 61598154000111 | B31: ECO-GASES | C31: 2 | D31: 105 | E31: 2014200 | F31: 178-B | H31: 58410430 | I31: PB | J31: 1981 | K31: ECOGASESCG@GMAIL.COM | L31: {=IF(SUMPRODUCT(COUNTIF(empresas_filtradas[[#This Row],[cnpj]:[email]],"*"&#REF!&"*"))>0,"sim","não")} -> não | M31: Sem Relação | N31: =_xlfn.XLOOKUP(empresas_filtradas[[#This Row],[cnpj]], empresas_identificadas_compleme!A:A, empresas_identificadas_compleme!B:B) -> #N/A | O31: =_xlfn.XLOOKUP(empresas_filtradas[[#This Row],[cnpj]], empresas_identificadas_compleme!A:A, empresas_identificadas_compleme!C:C) -> #N/A
A32: 55482177000325 | B32: OXINE | C32: 2 | E32: 2014200 | F32: 1170 | G32: C | H32: 60875010 | I32: CE | J32: 1389 | K32: SILTON@SILTON.COM.BR | L32: {=IF(SUMPRODUCT(COUNTIF(empresas_filtradas[[#This Row],[cnpj]:[email]],"*"&#REF!&"*"))>0,"sim","não")} -> não | M32: Relação | N32: =_xlfn.XLOOKUP(empresas_filtradas[[#This Row],[cnpj]], empresas_identificadas_compleme!A:A, empresas_identificadas_compleme!B:B) -> talvez | O32: =_xlfn.XLOOKUP(empresas_filtradas[[#This Row],[cnpj]], empresas_identificadas_compleme!A:A, empresas_identificadas_compleme!C:C) -> 80km
A33: 331788000623 | C33: 2 | E33: 2014200 | F33: 650 | H33: 26110100 | I33: RJ | J33: 2909 | K33: BRALB-PARALEGAL@AIRLIQUIDE.COM | L33: {=IF(SUMPRODUCT(COUNTIF(empresas_filtradas[[#This Row],[cnpj]:[email]],"*"&#REF!&"*"))>0,"sim","não")} -> não | M33: Potencial Planta | N33: =_xlfn.XLOOKUP(empresas_filtradas[[#This Row],[cnpj]], empresas_identificadas_compleme!A:A, empresas_identificadas_compleme!B:B) -> talvez | O33: =_xlfn.XLOOKUP(empresas_filtradas[[#This Row],[cnpj]], empresas_identificadas_compleme!A:A, empresas_identificadas_compleme!C:C) -> CTF_APP e 80km
A34: 2314026000130 | B34: Q FRIO | C34: 2 | E34: 2014200 | F34: 769 | H34: 50751312 | I34: PE | J34: 2531 | K34: FLAVIO@QFRIOGELOSECO.COM.BR | L34: {=IF(SUMPRODUCT(COUNTIF(empresas_filtradas[[#This Row],[cnpj]:[email]],"*"&#REF!&"*"))>0,"sim","não")} -> não | M34: Sem Relação | N34: =_xlfn.XLOOKUP(empresas_filtradas[[#This Row],[cnpj]], empresas_identificadas_compleme!A:A, empresas_identificadas_compleme!B:B) -> #N/A | O34: =_xlfn.XLOOKUP(empresas_filtradas[[#This Row],[cnpj]], empresas_identificadas_compleme!A:A, empresas_identificadas_compleme!C:C) -> #N/A
A35: 5914165000192 | C35: 2 | E35: 2014200 | F35: 897 | H35: 69008445 | I35: AM | J35: 255 | K35: EUDNEY.SOUSA@CARBOXIGASES.COM | L35: {=IF(SUMPRODUCT(COUNTIF(empresas_filtradas[[#This Row],[cnpj]:[email]],"*"&#REF!&"*"))>0,"sim","não")} -> não | M35: Sem Relação | N35: =_xlfn.XLOOKUP(empresas_filtradas[[#This Row],[cnpj]], empresas_identificadas_compleme!A:A, empresas_identificadas_compleme!B:B) -> talvez | O35: =_xlfn.XLOOKUP(empresas_filtradas[[#This Row],[cnpj]], empresas_identificadas_compleme!A:A, empresas_identificadas_compleme!C:C) -> CTF_APP
A36: 35820448006410 | C36: 2 | E36: 2014200 | F36: S/N | G36: LOTE 26 | H36: 95840000 | I36: RS | J36: 8943 | K36: ATENDIMENTO@SAC.WHITEMARTINS.COM.BR | L36: {=IF(SUMPRODUCT(COUNTIF(empresas_filtradas[[#This Row],[cnpj]:[email]],"*"&#REF!&"*"))>0,"sim","não")} -> não | M36: Potencial Planta | N36: =_xlfn.XLOOKUP(empresas_filtradas[[#This Row],[cnpj]], empresas_identificadas_compleme!A:A, empresas_identificadas_compleme!B:B) -> talvez | O36: =_xlfn.XLOOKUP(empresas_filtradas[[#This Row],[cnpj]], empresas_identificadas_compleme!A:A, empresas_identificadas_compleme!C:C) -> CTF_APP e 80km
A37: 35820448010360 | C37: 2 | E37: 2014200 | F37: 500 | H37: 13212240 | I37: SP | J37: 6619 | K37: ATENDIMENTO@SAC.WHITEMARTINS.COM.BR | L37: {=IF(SUMPRODUCT(COUNTIF(empresas_filtradas[[#This Row],[cnpj]:[email]],"*"&#REF!&"*"))>0,"sim","não")} -> não | M37: Potencial Planta | N37: =_xlfn.XLOOKUP(empresas_filtradas[[#This Row],[cnpj]], empresas_identificadas_compleme!A:A, empresas_identificadas_compleme!B:B) -> talvez | O37: =_xlfn.XLOOKUP(empresas_filtradas[[#This Row],[cnpj]], empresas_identificadas_compleme!A:A, empresas_identificadas_compleme!C:C) -> CTF_APP e 80km
A38: 35820448015915 | B38: WHITE MARTINS | C38: 2 | E38: 2014200 | F38: 2220 | H38: 13473625 | I38: SP | J38: 6131 | K38: ATENDIMENTO@SAC.WHITEMARTINS.COM.BR | L38: {=IF(SUMPRODUCT(COUNTIF(empresas_filtradas[[#This Row],[cnpj]:[email]],"*"&#REF!&"*"))>0,"sim","não")} -> não | M38: Potencial Planta | N38: =_xlfn.XLOOKUP(empresas_filtradas[[#This Row],[cnpj]], empresas_identificadas_compleme!A:A, empresas_identificadas_compleme!B:B) -> talvez | O38: =_xlfn.XLOOKUP(empresas_filtradas[[#This Row],[cnpj]], empresas_identificadas_compleme!A:A, empresas_identificadas_compleme!C:C) -> CTF_APP e 80km
A39: 35820448017454 | C39: 2 | E39: 2014200 | F39: S/N | G39: KM 6 ACIARIA 1 AV PLINIO DE QUEIROZ S/N (FOX) | H39: 11573900 | I39: SP | J39: 6371 | K39: ATENDIMENTO@SAC.WHITEMARTINS.COM.BR | L39: {=IF(SUMPRODUCT(COUNTIF(empresas_filtradas[[#This Row],[cnpj]:[email]],"*"&#REF!&"*"))>0,"sim","não")} -> não | M39: Potencial Planta | N39: =_xlfn.XLOOKUP(empresas_filtradas[[#This Row],[cnpj]], empresas_identificadas_compleme!A:A, empresas_identificadas_compleme!B:B) -> talvez | O39: =_xlfn.XLOOKUP(empresas_filtradas[[#This Row],[cnpj]], empresas_identificadas_compleme!A:A, empresas_identificadas_compleme!C:C) -> CTF_APP e 80km
A40: 2605266000355 | B40: MESSER GASES | C40: 2 | E40: 2014200 | F40: 6000 | G40: FABRICA DE OXIGENIO 4 | H40: 29092300 | I40: ES | J40: 5705 | K40: TAX.COMPLIANCE@MESSER-BR.COM | L40: {=IF(SUMPRODUCT(COUNTIF(empresas_filtradas[[#This Row],[cnpj]:[email]],"*"&#REF!&"*"))>0,"sim","não")} -> não | M40: Potencial Planta | N40: =_xlfn.XLOOKUP(empresas_filtradas[[#This Row],[cnpj]], empresas_identificadas_compleme!A:A, empresas_identificadas_compleme!B:B) -> talvez | O40: =_xlfn.XLOOKUP(empresas_filtradas[[#This Row],[cnpj]], empresas_identificadas_compleme!A:A, empresas_identificadas_compleme!C:C) -> CTF_APP e 80km
A41: 60619202002787 | B41: AGA | C41: 3 | E41: 2014200 | F41: S/N | G41: KM 18,5 LT 02 QD 01 | H41: 24800001 | I41: RJ | J41: 5837 | K41: MESSER | L41: {=IF(SUMPRODUCT(COUNTIF(empresas_filtradas[[#This Row],[cnpj]:[email]],"*"&#REF!&"*"))>0,"sim","não")} -> não | M41: Não Planta | N41: =_xlfn.XLOOKUP(empresas_filtradas[[#This Row],[cnpj]], empresas_identificadas_compleme!A:A, empresas_identificadas_compleme!B:B) -> talvez | O41: =_xlfn.XLOOKUP(empresas_filtradas[[#This Row],[cnpj]], empresas_identificadas_compleme!A:A, empresas_identificadas_compleme!C:C) -> 80km
A42: 24380578000260 | C42: 2 | E42: 2014200 | F42: 3135 | H42: 57055000 | I42: AL | J42: 2785 | K42: ATENDIMENTO@SAC.WHITEMARTINS.COM.BR | L42: {=IF(SUMPRODUCT(COUNTIF(empresas_filtradas[[#This Row],[cnpj]:[email]],"*"&#REF!&"*"))>0,"sim","não")} -> não | M42: Potencial Planta | N42: =_xlfn.XLOOKUP(empresas_filtradas[[#This Row],[cnpj]], empresas_identificadas_compleme!A:A, empresas_identificadas_compleme!B:B) -> talvez | O42: =_xlfn.XLOOKUP(empresas_filtradas[[#This Row],[cnpj]], empresas_identificadas_compleme!A:A, empresas_identificadas_compleme!C:C) -> CTF_APP e 80km
A43: 67423152000178 | C43: 2 | E43: 2014200 | F43: 150 | G43: BLOCO: A; | H43: 13213009 | I43: SP | J43: 6619 | K43: IBG@IBG.COM.BR | L43: {=IF(SUMPRODUCT(COUNTIF(empresas_filtradas[[#This Row],[cnpj]:[email]],"*"&#REF!&"*"))>0,"sim","não")} -> não | M43: Relação | N43: =_xlfn.XLOOKUP(empresas_filtradas[[#This Row],[cnpj]], empresas_identificadas_compleme!A:A, empresas_identificadas_compleme!B:B) -> talvez | O43: =_xlfn.XLOOKUP(empresas_filtradas[[#This Row],[cnpj]], empresas_identificadas_compleme!A:A, empresas_identificadas_compleme!C:C) -> CTF_APP e 80km
A44: 4075268000143 | B44: OXI-COLOR | C44: 2 | E44: 2014200 | F44: 719 | H44: 3901010 | I44: SP | J44: 7107 | K44: CONTATO@OXICOLOROXIGENIO.COM.BR | L44: {=IF(SUMPRODUCT(COUNTIF(empresas_filtradas[[#This Row],[cnpj]:[email]],"*"&#REF!&"*"))>0,"sim","não")} -> não | M44: Sem Relação | N44: =_xlfn.XLOOKUP(empresas_filtradas[[#This Row],[cnpj]], empresas_identificadas_compleme!A:A, empresas_identificadas_compleme!B:B) -> talvez | O44: =_xlfn.XLOOKUP(empresas_filtradas[[#This Row],[cnpj]], empresas_identificadas_compleme!A:A, empresas_identificadas_compleme!C:C) -> 80km
A45: 24380578004176 | C45: 2 | E45: 2014200 | F45: S/N | G45: PARTE | H45: 49170000 | I45: SE | J45: 3171 | K45: ATENDIMENTO@SAC.WHITEMARTINS.COM.BR | L45: {=IF(SUMPRODUCT(COUNTIF(empresas_filtradas[[#This Row],[cnpj]:[email]],"*"&#REF!&"*"))>0,"sim","não")} -> não | M45: Potencial Planta | N45: =_xlfn.XLOOKUP(empresas_filtradas[[#This Row],[cnpj]], empresas_identificadas_compleme!A:A, empresas_identificadas_compleme!B:B) -> talvez | O45: =_xlfn.XLOOKUP(empresas_filtradas[[#This Row],[cnpj]], empresas_identificadas_compleme!A:A, empresas_identificadas_compleme!C:C) -> CTF_APP e 80km
A46: 24380578000936 | C46: 2 | E46: 2014200 | F46: S/N | H46: 42810000 | I46: BA | J46: 3413 | K46: ATENDIMENTO@SAC.WHITEMARTINS.COM.BR | L46: {=IF(SUMPRODUCT(COUNTIF(empresas_filtradas[[#This Row],[cnpj]:[email]],"*"&#REF!&"*"))>0,"sim","não")} -> não | M46: Potencial Planta | N46: =_xlfn.XLOOKUP(empresas_filtradas[[#This Row],[cnpj]], empresas_identificadas_compleme!A:A, empresas_identificadas_compleme!B:B) -> talvez | O46: =_xlfn.XLOOKUP(empresas_filtradas[[#This Row],[cnpj]], empresas_identificadas_compleme!A:A, empresas_identificadas_compleme!C:C) -> CTF_APP e 80km
A47: 34597955002648 | C47: 2 | E47: 2014200 | F47: 483 | G47: KM 18 | H47: 68448000 | I47: PA | J47: 425 | K47: ATENDIMENTO@SAC.WHITEMARTINS.COM.BR | L47: {=IF(SUMPRODUCT(COUNTIF(empresas_filtradas[[#This Row],[cnpj]:[email]],"*"&#REF!&"*"))>0,"sim","não")} -> não | M47: Potencial Planta | N47: =_xlfn.XLOOKUP(empresas_filtradas[[#This Row],[cnpj]], empresas_identificadas_compleme!A:A, empresas_identificadas_compleme!B:B) -> talvez | O47: =_xlfn.XLOOKUP(empresas_filtradas[[#This Row],[cnpj]], empresas_identificadas_compleme!A:A, empresas_identificadas_compleme!C:C) -> CTF_APP e 80km
A48: 35820448003909 | C48: 2 | E48: 2014200 | F48: 1898 | H48: 38402324 | I48: MG | J48: 5403 | K48: ATENDIMENTO@SAC.WHITEMARTINS.COM.BR | L48: {=IF(SUMPRODUCT(COUNTIF(empresas_filtradas[[#This Row],[cnpj]:[email]],"*"&#REF!&"*"))>0,"sim","não")} -> não | M48: Não Planta | N48: =_xlfn.XLOOKUP(empresas_filtradas[[#This Row],[cnpj]], empresas_identificadas_compleme!A:A, empresas_identificadas_compleme!B:B) -> talvez | O48: =_xlfn.XLOOKUP(empresas_filtradas[[#This Row],[cnpj]], empresas_identificadas_compleme!A:A, empresas_identificadas_compleme!C:C) -> CTF_APP
A49: 43117399000289 | C49: 2 | E49: 2014200 | F49: 3111 | H49: 9380440 | I49: SP | J49: 6689 | L49: {=IF(SUMPRODUCT(COUNTIF(empresas_filtradas[[#This Row],[cnpj]:[email]],"*"&#REF!&"*"))>0,"sim","não")} -> não | M49: Sem Relação | N49: =_xlfn.XLOOKUP(empresas_filtradas[[#This Row],[cnpj]], empresas_identificadas_compleme!A:A, empresas_identificadas_compleme!B:B) -> incerto | O49: =_xlfn.XLOOKUP(empresas_filtradas[[#This Row],[cnpj]], empresas_identificadas_compleme!A:A, empresas_identificadas_compleme!C:C) -> CTF_APP e 80km
A50: 60619202001624 | B50: MESSER GASES | C50: 2 | E50: 2014200 | F50: 1230 | H50: 32210120 | I50: MG | J50: 4371 | K50: TAX.COMPLIANCE@MESSER-BR.COM | L50: {=IF(SUMPRODUCT(COUNTIF(empresas_filtradas[[#This Row],[cnpj]:[email]],"*"&#REF!&"*"))>0,"sim","não")} -> não | M50: Potencial Planta | N50: =_xlfn.XLOOKUP(empresas_filtradas[[#This Row],[cnpj]], empresas_identificadas_compleme!A:A, empresas_identificadas_compleme!B:B) -> talvez | O50: =_xlfn.XLOOKUP(empresas_filtradas[[#This Row],[cnpj]], empresas_identificadas_compleme!A:A, empresas_identificadas_compleme!C:C) -> CTF_APP e 80km
A51: 35820448009940 | B51: WHITE MARTINS GASES INDUSTRIAIS S/A | C51: 2 | E51: 2014200 | F51: 100 | H51: 13412201 | I51: SP | J51: 6875 | K51: ATENDIMENTO@SAC.WHITEMARTINS.COM.BR | L51: {=IF(SUMPRODUCT(COUNTIF(empresas_filtradas[[#This Row],[cnpj]:[email]],"*"&#REF!&"*"))>0,"sim","não")} -> não | M51: Potencial Planta | N51: =_xlfn.XLOOKUP(empresas_filtradas[[#This Row],[cnpj]], empresas_identificadas_compleme!A:A, empresas_identificadas_compleme!B:B) -> talvez | O51: =_xlfn.XLOOKUP(empresas_filtradas[[#This Row],[cnpj]], empresas_identificadas_compleme!A:A, empresas_identificadas_compleme!C:C) -> CTF_APP e 80km
A52: 13243140000132 | B52: OXIGEN GASES | C52: 2 | E52: 2014200 | F52: 1000 | H52: 14781160 | I52: SP | J52: 6209 | K52: WILSONPENHABTOS@YAHOO.COM.BR | L52: {=IF(SUMPRODUCT(COUNTIF(empresas_filtradas[[#This Row],[cnpj]:[email]],"*"&#REF!&"*"))>0,"sim","não")} -> não | M52: Sem Relação | N52: =_xlfn.XLOOKUP(empresas_filtradas[[#This Row],[cnpj]], empresas_identificadas_compleme!A:A, empresas_identificadas_compleme!B:B) -> talvez | O52: =_xlfn.XLOOKUP(empresas_filtradas[[#This Row],[cnpj]], empresas_identificadas_compleme!A:A, empresas_identificadas_compleme!C:C) -> CTF_APP
A53: 35820448019821 | C53: 2 | E53: 2014200 | F53: S/N | G53: KM 231 | H53: 79600001 | I53: MS | J53: 9165 | K53: ATENDIMENTO@SAC.WHITEMARTINS.COM.BR | L53: {=IF(SUMPRODUCT(COUNTIF(empresas_filtradas[[#This Row],[cnpj]:[email]],"*"&#REF!&"*"))>0,"sim","não")} -> não | M53: Não Planta | N53: =_xlfn.XLOOKUP(empresas_filtradas[[#This Row],[cnpj]], empresas_identificadas_compleme!A:A, empresas_identificadas_compleme!B:B) -> talvez | O53: =_xlfn.XLOOKUP(empresas_filtradas[[#This Row],[cnpj]], empresas_identificadas_compleme!A:A, empresas_identificadas_compleme!C:C) -> CTF_APP
A54: 331788006150 | B54: AIR LIQUIDE BRASIL LTDA | C54: 2 | E54: 2014200 | F54: 800 | G54: ANEXO SALA A | H54: 15076080 | I54: SP | J54: 7097 | K54: BRALB-PARALEGAL@AIRLIQUIDE.COM | L54: {=IF(SUMPRODUCT(COUNTIF(empresas_filtradas[[#This Row],[cnpj]:[email]],"*"&#REF!&"*"))>0,"sim","não")} -> não | M54: Não Planta | N54: =_xlfn.XLOOKUP(empresas_filtradas[[#This Row],[cnpj]], empresas_identificadas_compleme!A:A, empresas_identificadas_compleme!B:B) -> talvez | O54: =_xlfn.XLOOKUP(empresas_filtradas[[#This Row],[cnpj]], empresas_identificadas_compleme!A:A, empresas_identificadas_compleme!C:C) -> CTF_APP
A55: 43843358003457 | B55: AIR PRODUCTS BRASIL LTDA. | C55: 2 | E55: 2014200 | F55: S/N | H55: 12523671 | I55: SP | J55: 6469 | K55: IMPNFE@AIRPRODUCTS.COM | L55: {=IF(SUMPRODUCT(COUNTIF(empresas_filtradas[[#This Row],[cnpj]:[email]],"*"&#REF!&"*"))>0,"sim","não")} -> não | M55: Planta | N55: =_xlfn.XLOOKUP(empresas_filtradas[[#This Row],[cnpj]], empresas_identificadas_compleme!A:A, empresas_identificadas_compleme!B:B) -> talvez | O55: =_xlfn.XLOOKUP(empresas_filtradas[[#This Row],[cnpj]], empresas_identificadas_compleme!A:A, empresas_identificadas_compleme!C:C) -> CTF_APP
A56: 24380578006543 | C56: 2 | E56: 2014200 | F56: S/N | G56: KM 02 SENTIDO RECIFE JOAO PESSOA MARGEM DIREITA | H56: 55900000 | I56: PE | J56: 2423 | K56: ATENDIMENTO@SAC.WHITEMARTINS.COM.BR | L56: {=IF(SUMPRODUCT(COUNTIF(empresas_filtradas[[#This Row],[cnpj]:[email]],"*"&#REF!&"*"))>0,"sim","não")} -> não | M56: Não Planta | N56: =_xlfn.XLOOKUP(empresas_filtradas[[#This Row],[cnpj]], empresas_identificadas_compleme!A:A, empresas_identificadas_compleme!B:B) -> talvez | O56: =_xlfn.XLOOKUP(empresas_filtradas[[#This Row],[cnpj]], empresas_identificadas_compleme!A:A, empresas_identificadas_compleme!C:C) -> CTF_APP
A57: 35820448020676 | C57: 2 | E57: 2014200 | F57: 496 | H57: 8613370 | I57: SP | J57: 7151 | K57: ATENDIMENTO@SAC.WHITEMARTINS.COM.BR | L57: {=IF(SUMPRODUCT(COUNTIF(empresas_filtradas[[#This Row],[cnpj]:[email]],"*"&#REF!&"*"))>0,"sim","não")} -> não | M57: Potencial Planta | N57: =_xlfn.XLOOKUP(empresas_filtradas[[#This Row],[cnpj]], empresas_identificadas_compleme!A:A, empresas_identificadas_compleme!B:B) -> talvez | O57: =_xlfn.XLOOKUP(empresas_filtradas[[#This Row],[cnpj]], empresas_identificadas_compleme!A:A, empresas_identificadas_compleme!C:C) -> CTF_APP e 80km
A58: 24530580000197 | C58: 2 | E58: 2014200 | F58: 102 | H58: 99064443 | I58: RS | J58: 8785 | K58: COMERCIAL@GLACIARGELOSECO.COM | L58: {=IF(SUMPRODUCT(COUNTIF(empresas_filtradas[[#This Row],[cnpj]:[email]],"*"&#REF!&"*"))>0,"sim","não")} -> não | M58: Sem Relação | N58: =_xlfn.XLOOKUP(empresas_filtradas[[#This Row],[cnpj]], empresas_identificadas_compleme!A:A, empresas_identificadas_compleme!B:B) -> #N/A | O58: =_xlfn.XLOOKUP(empresas_filtradas[[#This Row],[cnpj]], empresas_identificadas_compleme!A:A, empresas_identificadas_compleme!C:C) -> #N/A
A59: 35820448021052 | C59: 2 | E59: 2014200 | F59: S/N | G59: KM 298 PARTE | H59: 79641300 | I59: MS | J59: 9165 | K59: ATENDIMENTO@SAC.WHITEMARTINS.COM.BR | L59: {=IF(SUMPRODUCT(COUNTIF(empresas_filtradas[[#This Row],[cnpj]:[email]],"*"&#REF!&"*"))>0,"sim","não")} -> não | M59: Não Planta | N59: =_xlfn.XLOOKUP(empresas_filtradas[[#This Row],[cnpj]], empresas_identificadas_compleme!A:A, empresas_identificadas_compleme!B:B) -> talvez | O59: =_xlfn.XLOOKUP(empresas_filtradas[[#This Row],[cnpj]], empresas_identificadas_compleme!A:A, empresas_identificadas_compleme!C:C) -> CTF_APP
A60: 74481011000681 | B60: IBG CRYO INDUSTRIA DE GASES LTDA | C60: 2 | E60: 2014200 | F60: 1195 | H60: 81460040 | I60: PR | J60: 7535 | K60: LUCAS@IBG.COM.BR | L60: {=IF(SUMPRODUCT(COUNTIF(empresas_filtradas[[#This Row],[cnpj]:[email]],"*"&#REF!&"*"))>0,"sim","não")} -> não | M60: Relação | N60: =_xlfn.XLOOKUP(empresas_filtradas[[#This Row],[cnpj]], empresas_identificadas_compleme!A:A, empresas_identificadas_compleme!B:B) -> talvez | O60: =_xlfn.XLOOKUP(empresas_filtradas[[#This Row],[cnpj]], empresas_identificadas_compleme!A:A, empresas_identificadas_compleme!C:C) -> CTF_APP e 80km
A61: 35820448022458 | C61: 2 | E61: 2014200 | F61: 480 | G61: PARTE | H61: 93700000 | I61: RS | J61: 8577 | K61: ATENDIMENTO@SAC.WHITEMARTINS.COM.BR | L61: {=IF(SUMPRODUCT(COUNTIF(empresas_filtradas[[#This Row],[cnpj]:[email]],"*"&#REF!&"*"))>0,"sim","não")} -> não | M61: Potencial Planta | N61: =_xlfn.XLOOKUP(empresas_filtradas[[#This Row],[cnpj]], empresas_identificadas_compleme!A:A, empresas_identificadas_compleme!B:B) -> talvez | O61: =_xlfn.XLOOKUP(empresas_filtradas[[#This Row],[cnpj]], empresas_identificadas_compleme!A:A, empresas_identificadas_compleme!C:C) -> CTF_APP e 80km
A62: 9043891000480 | B62: CARBO GAS | C62: 2 | E62: 2014200 | F62: 1920 | G62: GALPAO150 | H62: 54503410 | I62: PE | J62: 2357 | K62: FISCAL.NF@GRUPOJB.COM.BR | L62: {=IF(SUMPRODUCT(COUNTIF(empresas_filtradas[[#This Row],[cnpj]:[email]],"*"&#REF!&"*"))>0,"sim","não")} -> não | M62: Sem Relação | N62: =_xlfn.XLOOKUP(empresas_filtradas[[#This Row],[cnpj]], empresas_identificadas_compleme!A:A, empresas_identificadas_compleme!B:B) -> talvez | O62: =_xlfn.XLOOKUP(empresas_filtradas[[#This Row],[cnpj]], empresas_identificadas_compleme!A:A, empresas_identificadas_compleme!C:C) -> 80km
A63: 55246769000186 | C63: 2 | D63: 105 | E63: 2014200 | F63: S/N | H63: 64213901 | I63: PI | J63: 1153 | K63: CGF@SOLATIO.COM.BR | L63: {=IF(SUMPRODUCT(COUNTIF(empresas_filtradas[[#This Row],[cnpj]:[email]],"*"&#REF!&"*"))>0,"sim","não")} -> não | M63: Não Planta | N63: =_xlfn.XLOOKUP(empresas_filtradas[[#This Row],[cnpj]], empresas_identificadas_compleme!A:A, empresas_identificadas_compleme!B:B) -> talvez | O63: =_xlfn.XLOOKUP(empresas_filtradas[[#This Row],[cnpj]], empresas_identificadas_compleme!A:A, empresas_identificadas_compleme!C:C) -> 0
A64: 54001996000189 | C64: 2 | D64: 105 | E64: 2014200 | F64: 1300 | G64: SALA 902 T- NORTE | H64: 60170002 | I64: CE | J64: 1389 | K64: FISCAL.EOLICAS@CASADOSVENTOS.COM.BR | L64: {=IF(SUMPRODUCT(COUNTIF(empresas_filtradas[[#This Row],[cnpj]:[email]],"*"&#REF!&"*"))>0,"sim","não")} -> não | M64: Conceito de Planta | N64: =_xlfn.XLOOKUP(empresas_filtradas[[#This Row],[cnpj]], empresas_identificadas_compleme!A:A, empresas_identificadas_compleme!B:B) -> talvez | O64: =_xlfn.XLOOKUP(empresas_filtradas[[#This Row],[cnpj]], empresas_identificadas_compleme!A:A, empresas_identificadas_compleme!C:C) -> 80km
A65: 5329135000119 | B65: SOS OXIGENIO | C65: 2 | E65: 2014200 | F65: 121 | H65: 58011040 | I65: PB | J65: 2051 | L65: {=IF(SUMPRODUCT(COUNTIF(empresas_filtradas[[#This Row],[cnpj]:[email]],"*"&#REF!&"*"))>0,"sim","não")} -> não | M65: Sem Relação | N65: =_xlfn.XLOOKUP(empresas_filtradas[[#This Row],[cnpj]], empresas_identificadas_compleme!A:A, empresas_identificadas_compleme!B:B) -> talvez | O65: =_xlfn.XLOOKUP(empresas_filtradas[[#This Row],[cnpj]], empresas_identificadas_compleme!A:A, empresas_identificadas_compleme!C:C) -> 0
A66: 331788003487 | B66: AIR LIQUIDE BRASIL LTDA | C66: 2 | E66: 2014200 | F66: S/N | G66: PARTE | H66: 37905000 | I66: MG | J66: 4525 | K66: BRALB-PARALEGAL@AIRLIQUIDE.COM | L66: {=IF(SUMPRODUCT(COUNTIF(empresas_filtradas[[#This Row],[cnpj]:[email]],"*"&#REF!&"*"))>0,"sim","não")} -> não | M66: Não Planta | N66: =_xlfn.XLOOKUP(empresas_filtradas[[#This Row],[cnpj]], empresas_identificadas_compleme!A:A, empresas_identificadas_compleme!B:B) -> talvez | O66: =_xlfn.XLOOKUP(empresas_filtradas[[#This Row],[cnpj]], empresas_identificadas_compleme!A:A, empresas_identificadas_compleme!C:C) -> CTF_APP
A67: 3819835000166 | B67: OXIPORTO COMERCIO E DISTRIBUICAO DE GASES LTDA | C67: 2 | E67: 2014200 | F67: 330 | G67: SALA 01 | H67: 76812014 | I67: RO | J67: 3 | K67: ADMOPN@GMAIL.COM | L67: {=IF(SUMPRODUCT(COUNTIF(empresas_filtradas[[#This Row],[cnpj]:[email]],"*"&#REF!&"*"))>0,"sim","não")} -> não | M67: Sem Relação | N67: =_xlfn.XLOOKUP(empresas_filtradas[[#This Row],[cnpj]], empresas_identificadas_compleme!A:A, empresas_identificadas_compleme!B:B) -> talvez | O67: =_xlfn.XLOOKUP(empresas_filtradas[[#This Row],[cnpj]], empresas_identificadas_compleme!A:A, empresas_identificadas_compleme!C:C) -> 0
A68: 24380578002203 | C68: 2 | E68: 2014200 | F68: 2050 | H68: 54503410 | I68: PE | J68: 2357 | K68: ATENDIMENTO@SAC.WHITEMARTINS.COM.BR | L68: {=IF(SUMPRODUCT(COUNTIF(empresas_filtradas[[#This Row],[cnpj]:[email]],"*"&#REF!&"*"))>0,"sim","não")} -> não | M68: Potencial Planta | N68: =_xlfn.XLOOKUP(empresas_filtradas[[#This Row],[cnpj]], empresas_identificadas_compleme!A:A, empresas_identificadas_compleme!B:B) -> talvez | O68: =_xlfn.XLOOKUP(empresas_filtradas[[#This Row],[cnpj]], empresas_identificadas_compleme!A:A, empresas_identificadas_compleme!C:C) -> CTF_APP e 80km
A69: 34597955000785 | C69: 2 | E69: 2014200 | F69: 1434 | H69: 78098280 | I69: MT | J69: 9067 | K69: ATENDIMENTO@SAC.WHITEMARTINS.COM.BR | L69: {=IF(SUMPRODUCT(COUNTIF(empresas_filtradas[[#This Row],[cnpj]:[email]],"*"&#REF!&"*"))>0,"sim","não")} -> não | M69: Não Planta | N69: =_xlfn.XLOOKUP(empresas_filtradas[[#This Row],[cnpj]], empresas_identificadas_compleme!A:A, empresas_identificadas_compleme!B:B) -> talvez | O69: =_xlfn.XLOOKUP(empresas_filtradas[[#This Row],[cnpj]], empresas_identificadas_compleme!A:A, empresas_identificadas_compleme!C:C) -> CTF_APP
A70: 34597955001595 | C70: 2 | E70: 2014200 | F70: 4590 | H70: 76821220 | I70: RO | J70: 3 | K70: ATENDIMENTO@SAC.WHITEMARTINS.COM.BR | L70: {=IF(SUMPRODUCT(COUNTIF(empresas_filtradas[[#This Row],[cnpj]:[email]],"*"&#REF!&"*"))>0,"sim","não")} -> não | M70: Não Planta | N70: =_xlfn.XLOOKUP(empresas_filtradas[[#This Row],[cnpj]], empresas_identificadas_compleme!A:A, empresas_identificadas_compleme!B:B) -> talvez | O70: =_xlfn.XLOOKUP(empresas_filtradas[[#This Row],[cnpj]], empresas_identificadas_compleme!A:A, empresas_identificadas_compleme!C:C) -> CTF_APP
A71: 35820448002341 | C71: 2 | E71: 2014200 | F71: 726 | H71: 74655030 | I71: GO | J71: 9373 | K71: ATENDIMENTO@SAC.WHITEMARTINS.COM.BR | L71: {=IF(SUMPRODUCT(COUNTIF(empresas_filtradas[[#This Row],[cnpj]:[email]],"*"&#REF!&"*"))>0,"sim","não")} -> não | M71: Não Planta | N71: =_xlfn.XLOOKUP(empresas_filtradas[[#This Row],[cnpj]], empresas_identificadas_compleme!A:A, empresas_identificadas_compleme!B:B) -> talvez | O71: =_xlfn.XLOOKUP(empresas_filtradas[[#This Row],[cnpj]], empresas_identificadas_compleme!A:A, empresas_identificadas_compleme!C:C) -> CTF_APP
A72: 35820448009869 | C72: 2 | E72: 2014200 | F72: 2629 | H72: 9270000 | I72: SP | J72: 7057 | K72: ATENDIMENTO@SAC.WHITEMARTINS.COM.BR | L72: {=IF(SUMPRODUCT(COUNTIF(empresas_filtradas[[#This Row],[cnpj]:[email]],"*"&#REF!&"*"))>0,"sim","não")} -> não | M72: Potencial Planta | N72: =_xlfn.XLOOKUP(empresas_filtradas[[#This Row],[cnpj]], empresas_identificadas_compleme!A:A, empresas_identificadas_compleme!B:B) -> talvez | O72: =_xlfn.XLOOKUP(empresas_filtradas[[#This Row],[cnpj]], empresas_identificadas_compleme!A:A, empresas_identificadas_compleme!C:C) -> CTF_APP e 80km
A73: 35820448010794 | C73: 2 | E73: 2014200 | F73: 2850 | H73: 89206001 | I73: SC | J73: 8179 | K73: ATENDIMENTO@SAC.WHITEMARTINS.COM.BR | L73: {=IF(SUMPRODUCT(COUNTIF(empresas_filtradas[[#This Row],[cnpj]:[email]],"*"&#REF!&"*"))>0,"sim","não")} -> não | M73: Não Planta | N73: =_xlfn.XLOOKUP(empresas_filtradas[[#This Row],[cnpj]], empresas_identificadas_compleme!A:A, empresas_identificadas_compleme!B:B) -> talvez | O73: =_xlfn.XLOOKUP(empresas_filtradas[[#This Row],[cnpj]], empresas_identificadas_compleme!A:A, empresas_identificadas_compleme!C:C) -> CTF_APP
A74: 35820448011766 | C74: 2 | E74: 2014200 | F74: S/N | H74: 92420360 | I74: RS | J74: 8589 | K74: ATENDIMENTO@SAC.WHITEMARTINS.COM.BR | L74: {=IF(SUMPRODUCT(COUNTIF(empresas_filtradas[[#This Row],[cnpj]:[email]],"*"&#REF!&"*"))>0,"sim","não")} -> não | M74: Potencial Planta | N74: =_xlfn.XLOOKUP(empresas_filtradas[[#This Row],[cnpj]], empresas_identificadas_compleme!A:A, empresas_identificadas_compleme!B:B) -> talvez | O74: =_xlfn.XLOOKUP(empresas_filtradas[[#This Row],[cnpj]], empresas_identificadas_compleme!A:A, empresas_identificadas_compleme!C:C) -> CTF_APP e 80km
A75: 35820448014277 | C75: 2 | E75: 2014200 | F75: 828 | G75: 850 | H75: 6230100 | I75: SP | J75: 6789 | K75: ATENDIMENTO@SAC.WHITEMARTINS.COM.BR | L75: {=IF(SUMPRODUCT(COUNTIF(empresas_filtradas[[#This Row],[cnpj]:[email]],"*"&#REF!&"*"))>0,"sim","não")} -> não | M75: Não Planta | N75: =_xlfn.XLOOKUP(empresas_filtradas[[#This Row],[cnpj]], empresas_identificadas_compleme!A:A, empresas_identificadas_compleme!B:B) -> talvez | O75: =_xlfn.XLOOKUP(empresas_filtradas[[#This Row],[cnpj]], empresas_identificadas_compleme!A:A, empresas_identificadas_compleme!C:C) -> 80km
A76: 43843358002132 | C76: 2 | E76: 2014200 | F76: S/N | G76: KM 115(2) A I V SUL | H76: 89240000 | I76: SC | J76: 8319 | K76: IMPNFE@AIRPRODUCTS.COM | L76: {=IF(SUMPRODUCT(COUNTIF(empresas_filtradas[[#This Row],[cnpj]:[email]],"*"&#REF!&"*"))>0,"sim","não")} -> não | M76: Potencial Planta | N76: =_xlfn.XLOOKUP(empresas_filtradas[[#This Row],[cnpj]], empresas_identificadas_compleme!A:A, empresas_identificadas_compleme!B:B) -> talvez | O76: =_xlfn.XLOOKUP(empresas_filtradas[[#This Row],[cnpj]], empresas_identificadas_compleme!A:A, empresas_identificadas_compleme!C:C) -> CTF_APP
A77: 67423152000330 | C77: 2 | E77: 2014200 | F77: 40 | H77: 12042025 | I77: SP | J77: 7183 | K77: ibg3@ibg.com.br | L77: {=IF(SUMPRODUCT(COUNTIF(empresas_filtradas[[#This Row],[cnpj]:[email]],"*"&#REF!&"*"))>0,"sim","não")} -> não | M77: Relação | N77: =_xlfn.XLOOKUP(empresas_filtradas[[#This Row],[cnpj]], empresas_identificadas_compleme!A:A, empresas_identificadas_compleme!B:B) -> talvez | O77: =_xlfn.XLOOKUP(empresas_filtradas[[#This Row],[cnpj]], empresas_identificadas_compleme!A:A, empresas_identificadas_compleme!C:C) -> CTF_APP e 80km
A78: 73658254000337 | C78: 2 | E78: 2014200 | F78: 89 | G78: GRUPO 604 | H78: 22270000 | I78: RJ | J78: 6001 | L78: {=IF(SUMPRODUCT(COUNTIF(empresas_filtradas[[#This Row],[cnpj]:[email]],"*"&#REF!&"*"))>0,"sim","não")} -> não | M78: Sem Relação | N78: =_xlfn.XLOOKUP(empresas_filtradas[[#This Row],[cnpj]], empresas_identificadas_compleme!A:A, empresas_identificadas_compleme!B:B) -> talvez | O78: =_xlfn.XLOOKUP(empresas_filtradas[[#This Row],[cnpj]], empresas_identificadas_compleme!A:A, empresas_identificadas_compleme!C:C) -> 80km
A79: 60619202000148 | B79: MESSER GASES | C79: 2 | E79: 2014200 | F79: 350 | G79: ANDAR 19 CONJ 1901 1902 | H79: 6455911 | I79: SP | J79: 6213 | K79: TAX.COMPLIANCE@MESSER-BR.COM | L79: {=IF(SUMPRODUCT(COUNTIF(empresas_filtradas[[#This Row],[cnpj]:[email]],"*"&#REF!&"*"))>0,"sim","não")} -> não | M79: Não Planta | N79: =_xlfn.XLOOKUP(empresas_filtradas[[#This Row],[cnpj]], empresas_identificadas_compleme!A:A, empresas_identificadas_compleme!B:B) -> talvez | O79: =_xlfn.XLOOKUP(empresas_filtradas[[#This Row],[cnpj]], empresas_identificadas_compleme!A:A, empresas_identificadas_compleme!C:C) -> 80km
A80: 63634596000363 | C80: 2 | E80: 2014200 | F80: S/N | G80: GALPAOI FUNDOS | H80: 66635110 | I80: PA | J80: 427 | K80: TRIBUTARIOGS@GRUPOSIMOES.COM.BR | L80: {=IF(SUMPRODUCT(COUNTIF(empresas_filtradas[[#This Row],[cnpj]:[email]],"*"&#REF!&"*"))>0,"sim","não")} -> não | M80: Sem Relação | N80: =_xlfn.XLOOKUP(empresas_filtradas[[#This Row],[cnpj]], empresas_identificadas_compleme!A:A, empresas_identificadas_compleme!B:B) -> incerto | O80: =_xlfn.XLOOKUP(empresas_filtradas[[#This Row],[cnpj]], empresas_identificadas_compleme!A:A, empresas_identificadas_compleme!C:C) -> CTF_APP e 80km
A81: 5740526000121 | C81: 2 | D81: 23 | E81: 2014200 | F81: 6-14 | G81: 82049 | I81: EX | J81: 9707 | L81: {=IF(SUMPRODUCT(COUNTIF(empresas_filtradas[[#This Row],[cnpj]:[email]],"*"&#REF!&"*"))>0,"sim","não")} -> não | M81: Sem Relação | N81: =_xlfn.XLOOKUP(empresas_filtradas[[#This Row],[cnpj]], empresas_identificadas_compleme!A:A, empresas_identificadas_compleme!B:B) -> talvez | O81: =_xlfn.XLOOKUP(empresas_filtradas[[#This Row],[cnpj]], empresas_identificadas_compleme!A:A, empresas_identificadas_compleme!C:C) -> 0
A82: 1959495000143 | B82: N A N D I S | C82: 2 | E82: 2014200 | F82: 223 | G82: LETRA: D; | H82: 89810200 | I82: SC | J82: 8081 | L82: {=IF(SUMPRODUCT(COUNTIF(empresas_filtradas[[#This Row],[cnpj]:[email]],"*"&#REF!&"*"))>0,"sim","não")} -> não | M82: Sem Relação | N82: =_xlfn.XLOOKUP(empresas_filtradas[[#This Row],[cnpj]], empresas_identificadas_compleme!A:A, empresas_identificadas_compleme!B:B) -> #N/A | O82: =_xlfn.XLOOKUP(empresas_filtradas[[#This Row],[cnpj]], empresas_identificadas_compleme!A:A, empresas_identificadas_compleme!C:C) -> #N/A
A83: 4498412000154 | C83: 2 | E83: 2014200 | F83: 351 | H83: 12072370 | I83: SP | J83: 7183 | K83: PORTOGAS-GASES@UOL.COM.BR | L83: {=IF(SUMPRODUCT(COUNTIF(empresas_filtradas[[#This Row],[cnpj]:[email]],"*"&#REF!&"*"))>0,"sim","não")} -> não | M83: Sem Relação | N83: =_xlfn.XLOOKUP(empresas_filtradas[[#This Row],[cnpj]], empresas_identificadas_compleme!A:A, empresas_identificadas_compleme!B:B) -> incerto | O83: =_xlfn.XLOOKUP(empresas_filtradas[[#This Row],[cnpj]], empresas_identificadas_compleme!A:A, empresas_identificadas_compleme!C:C) -> CTF_APP e 80km
A84: 35820448005448 | C84: 2 | E84: 2014200 | F84: 100 | H84: 86067090 | I84: PR | J84: 7667 | K84: ATENDIMENTO@SAC.WHITEMARTINS.COM.BR | L84: {=IF(SUMPRODUCT(COUNTIF(empresas_filtradas[[#This Row],[cnpj]:[email]],"*"&#REF!&"*"))>0,"sim","não")} -> não | M84: Não Planta | N84: =_xlfn.XLOOKUP(empresas_filtradas[[#This Row],[cnpj]], empresas_identificadas_compleme!A:A, empresas_identificadas_compleme!B:B) -> talvez | O84: =_xlfn.XLOOKUP(empresas_filtradas[[#This Row],[cnpj]], empresas_identificadas_compleme!A:A, empresas_identificadas_compleme!C:C) -> CTF_APP
A85: 60619202005450 | B85: MESSER GASES | C85: 2 | E85: 2014200 | F85: S/N | G85: LOTE 1 E 2 QUADRAE | H85: 27970020 | I85: RJ | J85: 5847 | K85: TAX.COMPLIANCE@MESSER-BR.COM | L85: {=IF(SUMPRODUCT(COUNTIF(empresas_filtradas[[#This Row],[cnpj]:[email]],"*"&#REF!&"*"))>0,"sim","não")} -> não | M85: Potencial Planta | N85: =_xlfn.XLOOKUP(empresas_filtradas[[#This Row],[cnpj]], empresas_identificadas_compleme!A:A, empresas_identificadas_compleme!B:B) -> talvez | O85: =_xlfn.XLOOKUP(empresas_filtradas[[#This Row],[cnpj]], empresas_identificadas_compleme!A:A, empresas_identificadas_compleme!C:C) -> CTF_APP e 80km
A86: 331788001603 | C86: 2 | E86: 2014200 | F86: 557 | G86: ANEXO POLO ALTA TECNOLOGIA | H86: 13069472 | I86: SP | J86: 6291 | K86: BRALB-PARALEGAL@AIRLIQUIDE.COM | L86: {=IF(SUMPRODUCT(COUNTIF(empresas_filtradas[[#This Row],[cnpj]:[email]],"*"&#REF!&"*"))>0,"sim","não")} -> não | M86: Potencial Planta | N86: =_xlfn.XLOOKUP(empresas_filtradas[[#This Row],[cnpj]], empresas_identificadas_compleme!A:A, empresas_identificadas_compleme!B:B) -> talvez | O86: =_xlfn.XLOOKUP(empresas_filtradas[[#This Row],[cnpj]], empresas_identificadas_compleme!A:A, empresas_identificadas_compleme!C:C) -> CTF_APP e 80km
A87: 35820448015591 | C87: 2 | E87: 2014200 | F87: SN | G87: KM 210 | H87: 35160291 | I87: MG | J87: 4625 | K87: ATENDIMENTO@SAC.WHITEMARTINS.COM.BR | L87: {=IF(SUMPRODUCT(COUNTIF(empresas_filtradas[[#This Row],[cnpj]:[email]],"*"&#REF!&"*"))>0,"sim","não")} -> não | M87: Potencial Planta | N87: =_xlfn.XLOOKUP(empresas_filtradas[[#This Row],[cnpj]], empresas_identificadas_compleme!A:A, empresas_identificadas_compleme!B:B) -> talvez | O87: =_xlfn.XLOOKUP(empresas_filtradas[[#This Row],[cnpj]], empresas_identificadas_compleme!A:A, empresas_identificadas_compleme!C:C) -> CTF_APP e 80km
A88: 24380578005300 | B88: WHITE MARTINS | C88: 2 | E88: 2014200 | F88: SN | G88: KM + 7 KM A ESQUERDA - GALPAOFABRICA | H88: 45930000 | I88: BA | J88: 3741 | K88: ATENDIMENTO@SAC.WHITEMARTINS.COM.BR | L88: {=IF(SUMPRODUCT(COUNTIF(empresas_filtradas[[#This Row],[cnpj]:[email]],"*"&#REF!&"*"))>0,"sim","não")} -> não | M88: Não Planta | N88: =_xlfn.XLOOKUP(empresas_filtradas[[#This Row],[cnpj]], empresas_identificadas_compleme!A:A, empresas_identificadas_compleme!B:B) -> talvez | O88: =_xlfn.XLOOKUP(empresas_filtradas[[#This Row],[cnpj]], empresas_identificadas_compleme!A:A, empresas_identificadas_compleme!C:C) -> CTF_APP
A89: 331788004882 | C89: 2 | E89: 2014200 | F89: 1717 | G89: PARTE | H89: 9015901 | I89: SP | J89: 7057 | K89: BRALB-PARALEGAL@AIRLIQUIDE.COM | L89: {=IF(SUMPRODUCT(COUNTIF(empresas_filtradas[[#This Row],[cnpj]:[email]],"*"&#REF!&"*"))>0,"sim","não")} -> não | M89: Potencial Planta | N89: =_xlfn.XLOOKUP(empresas_filtradas[[#This Row],[cnpj]], empresas_identificadas_compleme!A:A, empresas_identificadas_compleme!B:B) -> talvez | O89: =_xlfn.XLOOKUP(empresas_filtradas[[#This Row],[cnpj]], empresas_identificadas_compleme!A:A, empresas_identificadas_compleme!C:C) -> CTF_APP e 80km
A90: 13143803000147 | B90: GOLD GAS | C90: 2 | E90: 2014200 | F90: 07 | G90: NORTE PONTE ALTA | H90: 72427010 | I90: DF | J90: 9701 | L90: {=IF(SUMPRODUCT(COUNTIF(empresas_filtradas[[#This Row],[cnpj]:[email]],"*"&#REF!&"*"))>0,"sim","não")} -> não | M90: Sem Relação | N90: =_xlfn.XLOOKUP(empresas_filtradas[[#This Row],[cnpj]], empresas_identificadas_compleme!A:A, empresas_identificadas_compleme!B:B) -> talvez | O90: =_xlfn.XLOOKUP(empresas_filtradas[[#This Row],[cnpj]], empresas_identificadas_compleme!A:A, empresas_identificadas_compleme!C:C) -> 0
A91: 2555047000228 | B91: RHOMAGAS INDUSTRIA DE GASES E PRODUTOS PARA SAUDE | C91: 2 | E91: 2014200 | F91: 121 | H91: 83604712 | I91: PR | J91: 7481 | K91: RHOMA@RHOMA.COM.BR | L91: {=IF(SUMPRODUCT(COUNTIF(empresas_filtradas[[#This Row],[cnpj]:[email]],"*"&#REF!&"*"))>0,"sim","não")} -> não | M91: Sem Relação | N91: =_xlfn.XLOOKUP(empresas_filtradas[[#This Row],[cnpj]], empresas_identificadas_compleme!A:A, empresas_identificadas_compleme!B:B) -> produz_h2 | O91: =_xlfn.XLOOKUP(empresas_filtradas[[#This Row],[cnpj]], empresas_identificadas_compleme!A:A, empresas_identificadas_compleme!C:C) -> CTF_APP e 80km
A92: 15825285000177 | B92: UDX GE | C92: 2 | E92: 2014200 | F92: 329 | H92: 23898000 | I92: RJ | J92: 786 | K92: SERGIOLEME@UNIDOX.COM.BR | L92: {=IF(SUMPRODUCT(COUNTIF(empresas_filtradas[[#This Row],[cnpj]:[email]],"*"&#REF!&"*"))>0,"sim","não")} -> não | M92: Sem Relação | N92: =_xlfn.XLOOKUP(empresas_filtradas[[#This Row],[cnpj]], empresas_identificadas_compleme!A:A, empresas_identificadas_compleme!B:B) -> #N/A | O92: =_xlfn.XLOOKUP(empresas_filtradas[[#This Row],[cnpj]], empresas_identificadas_compleme!A:A, empresas_identificadas_compleme!C:C) -> #N/A
A93: 17415984000174 | B93: AGNA AMBIENTAL | C93: 2 | E93: 2014200 | F93: 83 | H93: 13273202 | I93: SP | J93: 7225 | K93: CARLOS.ANDRE@AGNAAMBIENTAL.COM.BR | L93: {=IF(SUMPRODUCT(COUNTIF(empresas_filtradas[[#This Row],[cnpj]:[email]],"*"&#REF!&"*"))>0,"sim","não")} -> não | M93: Sem Relação | N93: =_xlfn.XLOOKUP(empresas_filtradas[[#This Row],[cnpj]], empresas_identificadas_compleme!A:A, empresas_identificadas_compleme!B:B) -> talvez | O93: =_xlfn.XLOOKUP(empresas_filtradas[[#This Row],[cnpj]], empresas_identificadas_compleme!A:A, empresas_identificadas_compleme!C:C) -> 80km
A94: 8272654000186 | B94: LINCE GASES | C94: 2 | E94: 2014200 | F94: 340 | H94: 35660970 | I94: MG | J94: 4941 | K94: LEGALIZACAO@AVCONTABILIDADE.COM.BR | L94: {=IF(SUMPRODUCT(COUNTIF(empresas_filtradas[[#This Row],[cnpj]:[email]],"*"&#REF!&"*"))>0,"sim","não")} -> não | M94: Sem Relação | N94: =_xlfn.XLOOKUP(empresas_filtradas[[#This Row],[cnpj]], empresas_identificadas_compleme!A:A, empresas_identificadas_compleme!B:B) -> talvez | O94: =_xlfn.XLOOKUP(empresas_filtradas[[#This Row],[cnpj]], empresas_identificadas_compleme!A:A, empresas_identificadas_compleme!C:C) -> 80km
A95: 17352435000106 | C95: 2 | E95: 2014200 | F95: S/N | G95: QUADRA1 LOTE 11 | H95: 24858088 | I95: RJ | J95: 5837 | K95: COMERCIAL@MLXGASES.COM.BR | L95: {=IF(SUMPRODUCT(COUNTIF(empresas_filtradas[[#This Row],[cnpj]:[email]],"*"&#REF!&"*"))>0,"sim","não")} -> não | M95: Sem Relação | N95: =_xlfn.XLOOKUP(empresas_filtradas[[#This Row],[cnpj]], empresas_identificadas_compleme!A:A, empresas_identificadas_compleme!B:B) -> talvez | O95: =_xlfn.XLOOKUP(empresas_filtradas[[#This Row],[cnpj]], empresas_identificadas_compleme!A:A, empresas_identificadas_compleme!C:C) -> 80km
A96: 18835198000199 | C96: 2 | E96: 2014200 | F96: 550 | H96: 7231060 | I96: SP | J96: 6477 | K96: CONTATO@SPECIALGASES.COM.BR | L96: {=IF(SUMPRODUCT(COUNTIF(empresas_filtradas[[#This Row],[cnpj]:[email]],"*"&#REF!&"*"))>0,"sim","não")} -> não | M96: Relação | N96: =_xlfn.XLOOKUP(empresas_filtradas[[#This Row],[cnpj]], empresas_identificadas_compleme!A:A, empresas_identificadas_compleme!B:B) -> talvez | O96: =_xlfn.XLOOKUP(empresas_filtradas[[#This Row],[cnpj]], empresas_identificadas_compleme!A:A, empresas_identificadas_compleme!C:C) -> 80km
A97: 36014591000101 | B97: MAO AMIGA DA NATUREZA | C97: 2 | E97: 2014200 | F97: 70 | G97: SALA A | H97: 29197613 | I97: ES | J97: 5611 | K97: CRISITINA.SFLORENCIO@HOTMAIL.COM | L97: {=IF(SUMPRODUCT(COUNTIF(empresas_filtradas[[#This Row],[cnpj]:[email]],"*"&#REF!&"*"))>0,"sim","não")} -> não | M97: Sem Relação | N97: =_xlfn.XLOOKUP(empresas_filtradas[[#This Row],[cnpj]], empresas_identificadas_compleme!A:A, empresas_identificadas_compleme!B:B) -> talvez | O97: =_xlfn.XLOOKUP(empresas_filtradas[[#This Row],[cnpj]], empresas_identificadas_compleme!A:A, empresas_identificadas_compleme!C:C) -> 80km
A98: 39230647000145 | B98: OXLION | C98: 2 | E98: 2014200 | F98: 505 | H98: 27933377 | I98: RJ | J98: 5847 | L98: {=IF(SUMPRODUCT(COUNTIF(empresas_filtradas[[#This Row],[cnpj]:[email]],"*"&#REF!&"*"))>0,"sim","não")} -> não | M98: Sem Relação | N98: =_xlfn.XLOOKUP(empresas_filtradas[[#This Row],[cnpj]], empresas_identificadas_compleme!A:A, empresas_identificadas_compleme!B:B) -> incerto | O98: =_xlfn.XLOOKUP(empresas_filtradas[[#This Row],[cnpj]], empresas_identificadas_compleme!A:A, empresas_identificadas_compleme!C:C) -> 80km
A99: 74481011000762 | B99: IBG CRYO INDUSTRIA DE GASES LTDA | C99: 2 | E99: 2014200 | F99: 263 | H99: 88390000 | I99: SC | J99: 8041 | K99: LUCAS@IBG.COM.BR | L99: {=IF(SUMPRODUCT(COUNTIF(empresas_filtradas[[#This Row],[cnpj]:[email]],"*"&#REF!&"*"))>0,"sim","não")} -> não | M99: Relação | N99: =_xlfn.XLOOKUP(empresas_filtradas[[#This Row],[cnpj]], empresas_identificadas_compleme!A:A, empresas_identificadas_compleme!B:B) -> talvez | O99: =_xlfn.XLOOKUP(empresas_filtradas[[#This Row],[cnpj]], empresas_identificadas_compleme!A:A, empresas_identificadas_compleme!C:C) -> CTF_APP
A100: 47050403000109 | B100: SULAMERICANA GASES | C100: 2 | E100: 2014200 | F100: 140 | H100: 9060650 | I100: SP | J100: 7057 | K100: CIBARTHA@GMAIL.COM | L100: {=IF(SUMPRODUCT(COUNTIF(empresas_filtradas[[#This Row],[cnpj]:[email]],"*"&#REF!&"*"))>0,"sim","não")} -> não | M100: Sem Relação | N100: =_xlfn.XLOOKUP(empresas_filtradas[[#This Row],[cnpj]], empresas_identificadas_compleme!A:A, empresas_identificadas_compleme!B:B) -> talvez | O100: =_xlfn.XLOOKUP(empresas_filtradas[[#This Row],[cnpj]], empresas_identificadas_compleme!A:A, empresas_identificadas_compleme!C:C) -> CTF_APP e 80km
...

Sheet empresas_identificadas_compleme
A1: cnpj | B1: output | C1: relacao | D1: cep | E1: uf | F1: municipio | G1: polo_mais_proximo | H1: tipo_polo | I1: distancia_min_km | J1: lat | K1: lon | L1: fonte_geo | M1: cidade_geo | N1: uf_geo | O1: observacao_geo | P1: email | Q1: veredito
A2: 60619202001896 | B2: talvez | C2: 80km | D2: 57080010 | E2: AL | F2: 2785 | G2: Marechal Deodoro/AL | H2: quimico_cloroquimico | I2: 20.54 | J2: -9.6072858 | K2: -35.7393 | L2: Nominatim/OpenStreetMap | M2: Maceió | N2: AL | P2: =_xlfn.XLOOKUP(empresas_identificadas_complementadas[[#This Row],[cnpj]],empresas_filtradas[cnpj],empresas_filtradas[email]) -> rita.rocha@br.aga.com | Q2: =_xlfn.XLOOKUP(empresas_identificadas_complementadas[[#This Row],[cnpj]],empresas_filtradas!A:A,empresas_filtradas!M:M) -> Sem Relação
A3: 60619202000490 | B3: talvez | C3: CTF_APP | D3: 78098370 | E3: MT | F3: 9067 | G3: Uberaba/MG | H3: fertilizantes_quimico | I3: 964.58 | J3: -15.668954 | K3: -55.978971 | L3: Nominatim/OpenStreetMap | M3: Cuiabá | N3: MT | P3: =_xlfn.XLOOKUP(empresas_identificadas_complementadas[[#This Row],[cnpj]],empresas_filtradas[cnpj],empresas_filtradas[email]) -> TAX.COMPLIANCE@MESSER-BR.COM | Q3: =_xlfn.XLOOKUP(empresas_identificadas_complementadas[[#This Row],[cnpj]],empresas_filtradas!A:A,empresas_filtradas!M:M) -> Não Planta
A4: 331788004530 | B4: talvez | C4: 80km | D4: 23570000 | E4: RJ | F4: 6001 | G4: Santa Cruz/Ternium/RJ | H4: siderurgia | I4: 6.86 | J4: -22.895226 | K4: -43.739816 | L4: Nominatim/OpenStreetMap | M4: Rio de Janeiro | N4: RJ | P4: =_xlfn.XLOOKUP(empresas_identificadas_complementadas[[#This Row],[cnpj]],empresas_filtradas[cnpj],empresas_filtradas[email]) -> BRALB-PARALEGAL@AIRLIQUIDE.COM | Q4: =_xlfn.XLOOKUP(empresas_identificadas_complementadas[[#This Row],[cnpj]],empresas_filtradas!A:A,empresas_filtradas!M:M) -> Potencial Planta
A5: 35820448019317 | B5: talvez | C5: CTF_APP e 80km | D5: 13505645 | E5: SP | F5: 6979 | G5: Paulínia/REPLAN/SP | H5: refino_petroquimico | I5: 55.96 | J5: -22.410011 | K5: -47.560393 | L5: Nominatim/OpenStreetMap | M5: Rio Claro | N5: SP | O5: Coordenada aproximada pelo município, não pelo CEP exato. | P5: =_xlfn.XLOOKUP(empresas_identificadas_complementadas[[#This Row],[cnpj]],empresas_filtradas[cnpj],empresas_filtradas[email]) -> ATENDIMENTO@SAC.WHITEMARTINS.COM.BR | Q5: =_xlfn.XLOOKUP(empresas_identificadas_complementadas[[#This Row],[cnpj]],empresas_filtradas!A:A,empresas_filtradas!M:M) -> Potencial Planta
A6: 43843358003023 | B6: talvez | C6: CTF_APP | D6: 18278725 | E6: SP | F6: 7181 | G6: Paulínia/REPLAN/SP | H6: refino_petroquimico | I6: 100.31 | J6: -23.348985 | K6: -47.849016 | L6: Nominatim/OpenStreetMap | M6: Tatuí | N6: SP | O6: Coordenada aproximada pelo município, não pelo CEP exato. | P6: =_xlfn.XLOOKUP(empresas_identificadas_complementadas[[#This Row],[cnpj]],empresas_filtradas[cnpj],empresas_filtradas[email]) -> IMPNFE@AIRPRODUCTS.COM | Q6: =_xlfn.XLOOKUP(empresas_identificadas_complementadas[[#This Row],[cnpj]],empresas_filtradas!A:A,empresas_filtradas!M:M) -> Não Planta
A7: 331788005773 | B7: talvez | C7: CTF_APP | D7: 71225526 | E7: DF | F7: 9701 | G7: Uberaba/MG | H7: fertilizantes_quimico | I7: 439.6 | J7: -15.793987 | K7: -47.8828 | L7: Nominatim/OpenStreetMap | M7: Brasília | N7: DF | O7: Coordenada aproximada pelo município, não pelo CEP exato. | P7: =_xlfn.XLOOKUP(empresas_identificadas_complementadas[[#This Row],[cnpj]],empresas_filtradas[cnpj],empresas_filtradas[email]) -> BRALB-PARALEGAL@AIRLIQUIDE.COM | Q7: =_xlfn.XLOOKUP(empresas_identificadas_complementadas[[#This Row],[cnpj]],empresas_filtradas!A:A,empresas_filtradas!M:M) -> Não Planta
A8: 331788006230 | B8: talvez | C8: CTF_APP | D8: 17034290 | E8: SP | F8: 6219 | G8: Paulínia/REPLAN/SP | H8: refino_petroquimico | I8: 198.27 | J8: -22.30849 | K8: -49.01404 | L8: Nominatim/OpenStreetMap | M8: Bauru | N8: SP | P8: =_xlfn.XLOOKUP(empresas_identificadas_complementadas[[#This Row],[cnpj]],empresas_filtradas[cnpj],empresas_filtradas[email]) -> BRALB-PARALEGAL@AIRLIQUIDE.COM | Q8: =_xlfn.XLOOKUP(empresas_identificadas_complementadas[[#This Row],[cnpj]],empresas_filtradas!A:A,empresas_filtradas!M:M) -> Não Planta
A9: 60619202002272 | B9: talvez | C9: CTF_APP e 80km | D9: 42816140 | E9: BA | F9: 3413 | G9: Camaçari/BA | H9: petroquimico | I9: 3.35 | J9: -12.667485 | K9: -38.314886 | L9: Nominatim/OpenStreetMap | M9: Camaçari | N9: BA | P9: =_xlfn.XLOOKUP(empresas_identificadas_complementadas[[#This Row],[cnpj]],empresas_filtradas[cnpj],empresas_filtradas[email]) -> TAX.COMPLIANCE@MESSER-BR.COM | Q9: =_xlfn.XLOOKUP(empresas_identificadas_complementadas[[#This Row],[cnpj]],empresas_filtradas!A:A,empresas_filtradas!M:M) -> Potencial Planta
A10: 24380578005903 | B10: talvez | C10: CTF_APP | D10: 79602970 | E10: MS | F10: 9165 | G10: Uberaba/MG | H10: fertilizantes_quimico | I10: 408.82 | J10: -20.79173 | K10: -51.696929 | L10: Nominatim/OpenStreetMap | M10: Três Lagoas | N10: MS | P10: =_xlfn.XLOOKUP(empresas_identificadas_complementadas[[#This Row],[cnpj]],empresas_filtradas[cnpj],empresas_filtradas[email]) -> ATENDIMENTO@SAC.WHITEMARTINS.COM.BR | Q10: =_xlfn.XLOOKUP(empresas_identificadas_complementadas[[#This Row],[cnpj]],empresas_filtradas!A:A,empresas_filtradas!M:M) -> Não Planta
A11: 35820448021303 | B11: talvez | C11: CTF_APP e 80km | D11: 13288172 | E11: SP | F11: 7237 | G11: Paulínia/REPLAN/SP | H11: refino_petroquimico | I11: 37.49 | J11: -23.029854 | K11: -46.974985 | L11: Nominatim/OpenStreetMap | M11: Vinhedo | N11: SP | O11: Coordenada aproximada pelo município, não pelo CEP exato. | P11: =_xlfn.XLOOKUP(empresas_identificadas_complementadas[[#This Row],[cnpj]],empresas_filtradas[cnpj],empresas_filtradas[email]) -> ATENDIMENTO@SAC.WHITEMARTINS.COM.BR | Q11: =_xlfn.XLOOKUP(empresas_identificadas_complementadas[[#This Row],[cnpj]],empresas_filtradas!A:A,empresas_filtradas!M:M) -> Potencial Planta
A12: 35820448022024 | B12: talvez | C12: CTF_APP e 80km | D12: 38490000 | E12: MG | F12: 4613 | G12: Uberaba/MG | H12: fertilizantes_quimico | I12: 78.74 | J12: -19.039197 | K12: -47.917844 | L12: Nominatim/OpenStreetMap | M12: Indianópolis | N12: MG | P12: =_xlfn.XLOOKUP(empresas_identificadas_complementadas[[#This Row],[cnpj]],empresas_filtradas[cnpj],empresas_filtradas[email]) -> ATENDIMENTO@SAC.WHITEMARTINS.COM.BR | Q12: =_xlfn.XLOOKUP(empresas_identificadas_complementadas[[#This Row],[cnpj]],empresas_filtradas!A:A,empresas_filtradas!M:M) -> Potencial Planta
A13: 45829243000175 | B13: talvez | D13: 36052590 | E13: MG | F13: 4733 | G13: Duque de Caxias/REDUC/RJ | H13: refino_petroquimico | I13: 106.93 | J13: -21.760953 | K13: -43.350113 | L13: Nominatim/OpenStreetMap | M13: Juiz de Fora | N13: MG | O13: Coordenada aproximada pelo município, não pelo CEP exato. | P13: =_xlfn.XLOOKUP(empresas_identificadas_complementadas[[#This Row],[cnpj]],empresas_filtradas[cnpj],empresas_filtradas[email]) -> CONTABILIDADE@KSCONTABIL.COM.BR | Q13: =_xlfn.XLOOKUP(empresas_identificadas_complementadas[[#This Row],[cnpj]],empresas_filtradas!A:A,empresas_filtradas!M:M) -> Sem Relação
A14: 54443328000101 | B14: talvez | D14: 64200970 | E14: PI | F14: 1153 | G14: Pecém/CE | H14: porto_industrial | I14: 335.57 | J14: -2.9147515 | K14: -41.766195 | L14: Nominatim/OpenStreetMap | M14: Parnaíba | N14: PI | O14: Coordenada aproximada pelo município, não pelo CEP exato. | P14: =_xlfn.XLOOKUP(empresas_identificadas_complementadas[[#This Row],[cnpj]],empresas_filtradas[cnpj],empresas_filtradas[email]) -> INFO@GEP-GLOBAL.COM | Q14: =_xlfn.XLOOKUP(empresas_identificadas_complementadas[[#This Row],[cnpj]],empresas_filtradas!A:A,empresas_filtradas!M:M) -> Conceito de Planta
A15: 331788010939 | B15: talvez | C15: 80km | D15: 42813760 | E15: BA | F15: 3413 | G15: Camaçari/BA | H15: petroquimico | I15: 0.48 | J15: -12.699819 | K15: -38.326076 | L15: Nominatim/OpenStreetMap | M15: Camaçari | N15: BA | O15: Coordenada aproximada pelo município, não pelo CEP exato. | P15: =_xlfn.XLOOKUP(empresas_identificadas_complementadas[[#This Row],[cnpj]],empresas_filtradas[cnpj],empresas_filtradas[email]) -> BRALB-PARALEGAL@AIRLIQUIDE.COM | Q15: =_xlfn.XLOOKUP(empresas_identificadas_complementadas[[#This Row],[cnpj]],empresas_filtradas!A:A,empresas_filtradas!M:M) -> Não Planta
A16: 331788000623 | B16: talvez | C16: CTF_APP e 80km | D16: 26110100 | E16: RJ | F16: 2909 | G16: Duque de Caxias/REDUC/RJ | H16: refino_petroquimico | I16: 10.56 | J16: -22.760191 | K16: -43.365954 | L16: Nominatim/OpenStreetMap | M16: Belford Roxo | N16: RJ | P16: =_xlfn.XLOOKUP(empresas_identificadas_complementadas[[#This Row],[cnpj]],empresas_filtradas[cnpj],empresas_filtradas[email]) -> BRALB-PARALEGAL@AIRLIQUIDE.COM | Q16: =_xlfn.XLOOKUP(empresas_identificadas_complementadas[[#This Row],[cnpj]],empresas_filtradas!A:A,empresas_filtradas!M:M) -> Potencial Planta
A17: 35820448006410 | B17: talvez | C17: CTF_APP e 80km | D17: 95840000 | E17: RS | F17: 8943 | G17: Triunfo/RS | H17: petroquimico | I17: 32.83 | J17: -29.940797 | K17: -51.719186 | L17: Nominatim/OpenStreetMap | M17: Triunfo | N17: RS | P17: =_xlfn.XLOOKUP(empresas_identificadas_complementadas[[#This Row],[cnpj]],empresas_filtradas[cnpj],empresas_filtradas[email]) -> ATENDIMENTO@SAC.WHITEMARTINS.COM.BR | Q17: =_xlfn.XLOOKUP(empresas_identificadas_complementadas[[#This Row],[cnpj]],empresas_filtradas!A:A,empresas_filtradas!M:M) -> Potencial Planta
A18: 35820448010360 | B18: talvez | C18: CTF_APP e 80km | D18: 13212240 | E18: SP | F18: 6619 | G18: Paulínia/REPLAN/SP | H18: refino_petroquimico | I18: 57.43 | J18: -23.188767 | K18: -46.884506 | L18: Nominatim/OpenStreetMap | M18: Jundiaí | N18: SP | O18: Coordenada aproximada pelo município, não pelo CEP exato. | P18: =_xlfn.XLOOKUP(empresas_identificadas_complementadas[[#This Row],[cnpj]],empresas_filtradas[cnpj],empresas_filtradas[email]) -> ATENDIMENTO@SAC.WHITEMARTINS.COM.BR | Q18: =_xlfn.XLOOKUP(empresas_identificadas_complementadas[[#This Row],[cnpj]],empresas_filtradas!A:A,empresas_filtradas!M:M) -> Potencial Planta
A19: 35820448015915 | B19: talvez | C19: CTF_APP e 80km | D19: 13473625 | E19: SP | F19: 6131 | G19: Paulínia/REPLAN/SP | H19: refino_petroquimico | I19: 19.79 | J19: -22.739246 | K19: -47.330603 | L19: Nominatim/OpenStreetMap | M19: Americana | N19: SP | O19: Coordenada aproximada pelo município, não pelo CEP exato. | P19: =_xlfn.XLOOKUP(empresas_identificadas_complementadas[[#This Row],[cnpj]],empresas_filtradas[cnpj],empresas_filtradas[email]) -> ATENDIMENTO@SAC.WHITEMARTINS.COM.BR | Q19: =_xlfn.XLOOKUP(empresas_identificadas_complementadas[[#This Row],[cnpj]],empresas_filtradas!A:A,empresas_filtradas!M:M) -> Potencial Planta
A20: 35820448017454 | B20: talvez | C20: CTF_APP e 80km | D20: 11573900 | E20: SP | F20: 6371 | G20: Cubatão/SP | H20: industrial_siderurgico | I20: 1.64 | J20: -23.884208 | K20: -46.421306 | L20: Nominatim/OpenStreetMap | M20: Cubatão | N20: SP | O20: Coordenada aproximada pelo município, não pelo CEP exato. | P20: =_xlfn.XLOOKUP(empresas_identificadas_complementadas[[#This Row],[cnpj]],empresas_filtradas[cnpj],empresas_filtradas[email]) -> ATENDIMENTO@SAC.WHITEMARTINS.COM.BR | Q20: =_xlfn.XLOOKUP(empresas_identificadas_complementadas[[#This Row],[cnpj]],empresas_filtradas!A:A,empresas_filtradas!M:M) -> Potencial Planta
A21: 2605266000355 | B21: talvez | C21: CTF_APP e 80km | D21: 29092300 | E21: ES | F21: 5705 | G21: Serra/Tubarão/ES | H21: siderurgia_portuario | I21: 2.26 | J21: -20.253925 | K21: -40.243475 | L21: Nominatim/OpenStreetMap | M21: Vitória | N21: ES | P21: =_xlfn.XLOOKUP(empresas_identificadas_complementadas[[#This Row],[cnpj]],empresas_filtradas[cnpj],empresas_filtradas[email]) -> TAX.COMPLIANCE@MESSER-BR.COM | Q21: =_xlfn.XLOOKUP(empresas_identificadas_complementadas[[#This Row],[cnpj]],empresas_filtradas!A:A,empresas_filtradas!M:M) -> Potencial Planta
A22: 24380578000260 | B22: talvez | C22: CTF_APP e 80km | D22: 57055000 | E22: AL | F22: 2785 | G22: Marechal Deodoro/AL | H22: quimico_cloroquimico | I22: 18.91 | J22: -9.6500548 | K22: -35.73356 | L22: Nominatim/OpenStreetMap | M22: Maceió | N22: AL | P22: =_xlfn.XLOOKUP(empresas_identificadas_complementadas[[#This Row],[cnpj]],empresas_filtradas[cnpj],empresas_filtradas[email]) -> ATENDIMENTO@SAC.WHITEMARTINS.COM.BR | Q22: =_xlfn.XLOOKUP(empresas_identificadas_complementadas[[#This Row],[cnpj]],empresas_filtradas!A:A,empresas_filtradas!M:M) -> Potencial Planta
A23: 67423152000178 | B23: talvez | C23: CTF_APP e 80km | D23: 13213009 | E23: SP | F23: 6619 | G23: Paulínia/REPLAN/SP | H23: refino_petroquimico | I23: 53.41 | J23: -23.170018 | K23: -46.933903 | L23: Nominatim/OpenStreetMap | M23: Jundiaí | N23: SP | P23: =_xlfn.XLOOKUP(empresas_identificadas_complementadas[[#This Row],[cnpj]],empresas_filtradas[cnpj],empresas_filtradas[email]) -> IBG@IBG.COM.BR | Q23: =_xlfn.XLOOKUP(empresas_identificadas_complementadas[[#This Row],[cnpj]],empresas_filtradas!A:A,empresas_filtradas!M:M) -> Relação
A24: 24380578004176 | B24: talvez | C24: CTF_APP e 80km | D24: 49170000 | E24: SE | F24: 3171 | G24: Laranjeiras/SE | H24: fertilizantes_amonia | I24: 0.36 | J24: -10.804023 | K24: -37.165834 | L24: Nominatim/OpenStreetMap | M24: Laranjeiras | N24: SE | P24: =_xlfn.XLOOKUP(empresas_identificadas_complementadas[[#This Row],[cnpj]],empresas_filtradas[cnpj],empresas_filtradas[email]) -> ATENDIMENTO@SAC.WHITEMARTINS.COM.BR | Q24: =_xlfn.XLOOKUP(empresas_identificadas_complementadas[[#This Row],[cnpj]],empresas_filtradas!A:A,empresas_filtradas!M:M) -> Potencial Planta
A25: 24380578000936 | B25: talvez | C25: CTF_APP e 80km | D25: 42810000 | E25: BA | F25: 3413 | G25: Camaçari/BA | H25: petroquimico | I25: 0.15 | J25: -12.6975 | K25: -38.32417 | L25: BrasilAPI CEP v2 | M25: Camaçari | N25: BA | P25: =_xlfn.XLOOKUP(empresas_identificadas_complementadas[[#This Row],[cnpj]],empresas_filtradas[cnpj],empresas_filtradas[email]) -> ATENDIMENTO@SAC.WHITEMARTINS.COM.BR | Q25: =_xlfn.XLOOKUP(empresas_identificadas_complementadas[[#This Row],[cnpj]],empresas_filtradas!A:A,empresas_filtradas!M:M) -> Potencial Planta
A26: 34597955002648 | B26: talvez | C26: CTF_APP e 80km | D26: 68448000 | E26: PA | F26: 425 | G26: Barcarena/Vila do Conde/PA | H26: alumina_aluminio_portuario | I26: 3 | J26: -1.5679371 | K26: -48.758283 | L26: Nominatim/OpenStreetMap | M26: Barcarena | N26: PA | P26: =_xlfn.XLOOKUP(empresas_identificadas_complementadas[[#This Row],[cnpj]],empresas_filtradas[cnpj],empresas_filtradas[email]) -> ATENDIMENTO@SAC.WHITEMARTINS.COM.BR | Q26: =_xlfn.XLOOKUP(empresas_identificadas_complementadas[[#This Row],[cnpj]],empresas_filtradas!A:A,empresas_filtradas!M:M) -> Potencial Planta
A27: 35820448003909 | B27: talvez | C27: CTF_APP | D27: 38402324 | E27: MG | F27: 5403 | G27: Uberaba/MG | H27: fertilizantes_quimico | I27: 98.68 | J27: -18.918804 | K27: -48.276784 | L27: Nominatim/OpenStreetMap | M27: Uberlândia | N27: MG | O27: Coordenada aproximada pelo município, não pelo CEP exato. | P27: =_xlfn.XLOOKUP(empresas_identificadas_complementadas[[#This Row],[cnpj]],empresas_filtradas[cnpj],empresas_filtradas[email]) -> ATENDIMENTO@SAC.WHITEMARTINS.COM.BR | Q27: =_xlfn.XLOOKUP(empresas_identificadas_complementadas[[#This Row],[cnpj]],empresas_filtradas!A:A,empresas_filtradas!M:M) -> Não Planta
A28: 60619202001624 | B28: talvez | C28: CTF_APP e 80km | D28: 32210120 | E28: MG | F28: 4371 | G28: Barreiro/BH/MG | H28: industrial_metalurgico | I28: 3.3 | J28: -19.961947 | K28: -44.030128 | L28: Nominatim/OpenStreetMap | M28: Contagem | N28: MG | P28: =_xlfn.XLOOKUP(empresas_identificadas_complementadas[[#This Row],[cnpj]],empresas_filtradas[cnpj],empresas_filtradas[email]) -> TAX.COMPLIANCE@MESSER-BR.COM | Q28: =_xlfn.XLOOKUP(empresas_identificadas_complementadas[[#This Row],[cnpj]],empresas_filtradas!A:A,empresas_filtradas!M:M) -> Potencial Planta
A29: 35820448009940 | B29: talvez | C29: CTF_APP e 80km | D29: 13412201 | E29: SP | F29: 6875 | G29: Paulínia/REPLAN/SP | H29: refino_petroquimico | I29: 52.44 | J29: -22.725165 | K29: -47.649327 | L29: Nominatim/OpenStreetMap | M29: Piracicaba | N29: SP | O29: Coordenada aproximada pelo município, não pelo CEP exato. | P29: =_xlfn.XLOOKUP(empresas_identificadas_complementadas[[#This Row],[cnpj]],empresas_filtradas[cnpj],empresas_filtradas[email]) -> ATENDIMENTO@SAC.WHITEMARTINS.COM.BR | Q29: =_xlfn.XLOOKUP(empresas_identificadas_complementadas[[#This Row],[cnpj]],empresas_filtradas!A:A,empresas_filtradas!M:M) -> Potencial Planta
A30: 35820448019821 | B30: talvez | C30: CTF_APP | D30: 79600001 | E30: MS | F30: 9165 | G30: Uberaba/MG | H30: fertilizantes_quimico | I30: 409.63 | J30: -20.780742 | K30: -51.708283 | L30: Nominatim/OpenStreetMap | M30: Três Lagoas | N30: MS | P30: =_xlfn.XLOOKUP(empresas_identificadas_complementadas[[#This Row],[cnpj]],empresas_filtradas[cnpj],empresas_filtradas[email]) -> ATENDIMENTO@SAC.WHITEMARTINS.COM.BR | Q30: =_xlfn.XLOOKUP(empresas_identificadas_complementadas[[#This Row],[cnpj]],empresas_filtradas!A:A,empresas_filtradas!M:M) -> Não Planta
A31: 331788006150 | B31: talvez | C31: CTF_APP | D31: 15076080 | E31: SP | F31: 7097 | G31: Uberaba/MG | H31: fertilizantes_quimico | I31: 190.42 | J31: -20.825579 | K31: -49.357103 | L31: Nominatim/OpenStreetMap | M31: São José do Rio Preto | N31: SP | P31: =_xlfn.XLOOKUP(empresas_identificadas_complementadas[[#This Row],[cnpj]],empresas_filtradas[cnpj],empresas_filtradas[email]) -> BRALB-PARALEGAL@AIRLIQUIDE.COM | Q31: =_xlfn.XLOOKUP(empresas_identificadas_complementadas[[#This Row],[cnpj]],empresas_filtradas!A:A,empresas_filtradas!M:M) -> Não Planta
A32: 43843358003457 | B32: talvez | C32: CTF_APP | D32: 12523671 | E32: SP | F32: 6469 | G32: Jacareí/SP | H32: gases_industriais | I32: 96.72 | J32: -22.805784 | K32: -45.190893 | L32: Nominatim/OpenStreetMap | M32: Guaratinguetá | N32: SP | O32: Coordenada aproximada pelo município, não pelo CEP exato. | P32: =_xlfn.XLOOKUP(empresas_identificadas_complementadas[[#This Row],[cnpj]],empresas_filtradas[cnpj],empresas_filtradas[email]) -> IMPNFE@AIRPRODUCTS.COM | Q32: =_xlfn.XLOOKUP(empresas_identificadas_complementadas[[#This Row],[cnpj]],empresas_filtradas!A:A,empresas_filtradas!M:M) -> Planta
A33: 24380578006543 | B33: talvez | C33: CTF_APP | D33: 55900000 | E33: PE | F33: 2423 | G33: Suape/PE | H33: porto_industrial | I33: 93.2 | J33: -7.560603 | K33: -34.99591 | L33: Nominatim/OpenStreetMap | M33: Goiana | N33: PE | P33: =_xlfn.XLOOKUP(empresas_identificadas_complementadas[[#This Row],[cnpj]],empresas_filtradas[cnpj],empresas_filtradas[email]) -> ATENDIMENTO@SAC.WHITEMARTINS.COM.BR | Q33: =_xlfn.XLOOKUP(empresas_identificadas_complementadas[[#This Row],[cnpj]],empresas_filtradas!A:A,empresas_filtradas!M:M) -> Não Planta
A34: 35820448020676 | B34: talvez | C34: CTF_APP e 80km | D34: 8613370 | E34: SP | F34: 7151 | G34: ABC/Capuava/SP | H34: petroquimico_industrial | I34: 23.38 | J34: -23.539272 | K34: -46.282107 | L34: Nominatim/OpenStreetMap | M34: Suzano | N34: SP | P34: =_xlfn.XLOOKUP(empresas_identificadas_complementadas[[#This Row],[cnpj]],empresas_filtradas[cnpj],empresas_filtradas[email]) -> ATENDIMENTO@SAC.WHITEMARTINS.COM.BR | Q34: =_xlfn.XLOOKUP(empresas_identificadas_complementadas[[#This Row],[cnpj]],empresas_filtradas!A:A,empresas_filtradas!M:M) -> Potencial Planta
A35: 35820448021052 | B35: talvez | C35: CTF_APP | D35: 79641300 | E35: MS | F35: 9165 | G35: Uberaba/MG | H35: fertilizantes_quimico | I35: 409.34 | J35: -20.78765 | K35: -51.70338 | L35: BrasilAPI CEP v2 | M35: Três Lagoas | N35: MS | P35: =_xlfn.XLOOKUP(empresas_identificadas_complementadas[[#This Row],[cnpj]],empresas_filtradas[cnpj],empresas_filtradas[email]) -> ATENDIMENTO@SAC.WHITEMARTINS.COM.BR | Q35: =_xlfn.XLOOKUP(empresas_identificadas_complementadas[[#This Row],[cnpj]],empresas_filtradas!A:A,empresas_filtradas!M:M) -> Não Planta
A36: 74481011000681 | B36: talvez | C36: CTF_APP e 80km | D36: 81460040 | E36: PR | F36: 7535 | G36: Araucária/REPAR/PR | H36: refino | I36: 22.09 | J36: -25.429596 | K36: -49.271272 | L36: Nominatim/OpenStreetMap | M36: Curitiba | N36: PR | O36: Coordenada aproximada pelo município, não pelo CEP exato. | P36: =_xlfn.XLOOKUP(empresas_identificadas_complementadas[[#This Row],[cnpj]],empresas_filtradas[cnpj],empresas_filtradas[email]) -> LUCAS@IBG.COM.BR | Q36: =_xlfn.XLOOKUP(empresas_identificadas_complementadas[[#This Row],[cnpj]],empresas_filtradas!A:A,empresas_filtradas!M:M) -> Relação
A37: 35820448022458 | B37: talvez | C37: CTF_APP e 80km | D37: 93700000 | E37: RS | F37: 8577 | G37: Canoas/REFAP/RS | H37: refino | I37: 29.07 | J37: -29.674849 | K37: -51.056282 | L37: Nominatim/OpenStreetMap | P37: =_xlfn.XLOOKUP(empresas_identificadas_complementadas[[#This Row],[cnpj]],empresas_filtradas[cnpj],empresas_filtradas[email]) -> ATENDIMENTO@SAC.WHITEMARTINS.COM.BR | Q37: =_xlfn.XLOOKUP(empresas_identificadas_complementadas[[#This Row],[cnpj]],empresas_filtradas!A:A,empresas_filtradas!M:M) -> Potencial Planta
A38: 331788003487 | B38: talvez | C38: CTF_APP | D38: 37905000 | E38: MG | F38: 4525 | G38: Uberaba/MG | H38: fertilizantes_quimico | I38: 177.17 | J38: -20.849166 | K38: -46.712222 | L38: Nominatim/OpenStreetMap | M38: Fortaleza de Minas | N38: MG | P38: =_xlfn.XLOOKUP(empresas_identificadas_complementadas[[#This Row],[cnpj]],empresas_filtradas[cnpj],empresas_filtradas[email]) -> BRALB-PARALEGAL@AIRLIQUIDE.COM | Q38: =_xlfn.XLOOKUP(empresas_identificadas_complementadas[[#This Row],[cnpj]],empresas_filtradas!A:A,empresas_filtradas!M:M) -> Não Planta
A39: 24380578002203 | B39: talvez | C39: CTF_APP e 80km | D39: 54503410 | E39: PE | F39: 2357 | G39: Suape/PE | H39: porto_industrial | I39: 14.96 | J39: -8.2838945 | K39: -35.032098 | L39: Nominatim/OpenStreetMap | M39: Cabo de Santo Agostinho | N39: PE | O39: Coordenada aproximada pelo município, não pelo CEP exato. | P39: =_xlfn.XLOOKUP(empresas_identificadas_complementadas[[#This Row],[cnpj]],empresas_filtradas[cnpj],empresas_filtradas[email]) -> ATENDIMENTO@SAC.WHITEMARTINS.COM.BR | Q39: =_xlfn.XLOOKUP(empresas_identificadas_complementadas[[#This Row],[cnpj]],empresas_filtradas!A:A,empresas_filtradas!M:M) -> Potencial Planta
A40: 34597955000785 | B40: talvez | C40: CTF_APP | D40: 78098280 | E40: MT | F40: 9067 | G40: Uberaba/MG | H40: fertilizantes_quimico | I40: 966.36 | J40: -15.655865 | K40: -55.990373 | L40: Nominatim/OpenStreetMap | M40: Cuiabá | N40: MT | P40: =_xlfn.XLOOKUP(empresas_identificadas_complementadas[[#This Row],[cnpj]],empresas_filtradas[cnpj],empresas_filtradas[email]) -> ATENDIMENTO@SAC.WHITEMARTINS.COM.BR | Q40: =_xlfn.XLOOKUP(empresas_identificadas_complementadas[[#This Row],[cnpj]],empresas_filtradas!A:A,empresas_filtradas!M:M) -> Não Planta
A41: 34597955001595 | B41: talvez | C41: CTF_APP | D41: 76821220 | E41: RO | F41: 3 | G41: Barcarena/Vila do Conde/PA | H41: alumina_aluminio_portuario | I41: 1856.07 | J41: -8.7346367 | K41: -63.881581 | L41: Nominatim/OpenStreetMap | M41: Porto Velho | N41: RO | P41: =_xlfn.XLOOKUP(empresas_identificadas_complementadas[[#This Row],[cnpj]],empresas_filtradas[cnpj],empresas_filtradas[email]) -> ATENDIMENTO@SAC.WHITEMARTINS.COM.BR | Q41: =_xlfn.XLOOKUP(empresas_identificadas_complementadas[[#This Row],[cnpj]],empresas_filtradas!A:A,empresas_filtradas!M:M) -> Não Planta
A42: 35820448002341 | B42: talvez | C42: CTF_APP | D42: 74655030 | E42: GO | F42: 9373 | G42: Uberaba/MG | H42: fertilizantes_quimico | I42: 368.11 | J42: -16.680882 | K42: -49.253269 | L42: Nominatim/OpenStreetMap | M42: Goiânia | N42: GO | O42: Coordenada aproximada pelo município, não pelo CEP exato. | P42: =_xlfn.XLOOKUP(empresas_identificadas_complementadas[[#This Row],[cnpj]],empresas_filtradas[cnpj],empresas_filtradas[email]) -> ATENDIMENTO@SAC.WHITEMARTINS.COM.BR | Q42: =_xlfn.XLOOKUP(empresas_identificadas_complementadas[[#This Row],[cnpj]],empresas_filtradas!A:A,empresas_filtradas!M:M) -> Não Planta
A43: 35820448009869 | B43: talvez | C43: CTF_APP e 80km | D43: 9270000 | E43: SP | F43: 7057 | G43: ABC/Capuava/SP | H43: petroquimico_industrial | I43: 2.36 | J43: -23.647769 | K43: -46.488916 | L43: Nominatim/OpenStreetMap | M43: Santo André | N43: SP | P43: =_xlfn.XLOOKUP(empresas_identificadas_complementadas[[#This Row],[cnpj]],empresas_filtradas[cnpj],empresas_filtradas[email]) -> ATENDIMENTO@SAC.WHITEMARTINS.COM.BR | Q43: =_xlfn.XLOOKUP(empresas_identificadas_complementadas[[#This Row],[cnpj]],empresas_filtradas!A:A,empresas_filtradas!M:M) -> Potencial Planta
A44: 35820448010794 | B44: talvez | C44: CTF_APP | D44: 89206001 | E44: SC | F44: 8179 | G44: Araucária/REPAR/PR | H44: refino | I44: 98.1 | J44: -26.290759 | K44: -48.812799 | L44: Nominatim/OpenStreetMap | M44: Joinville | N44: SC | P44: =_xlfn.XLOOKUP(empresas_identificadas_complementadas[[#This Row],[cnpj]],empresas_filtradas[cnpj],empresas_filtradas[email]) -> ATENDIMENTO@SAC.WHITEMARTINS.COM.BR | Q44: =_xlfn.XLOOKUP(empresas_identificadas_complementadas[[#This Row],[cnpj]],empresas_filtradas!A:A,empresas_filtradas!M:M) -> Não Planta
A45: 35820448011766 | B45: talvez | C45: CTF_APP e 80km | D45: 92420360 | E45: RS | F45: 8589 | G45: Canoas/REFAP/RS | H45: refino | I45: 1.11 | J45: -29.921605 | K45: -51.179952 | L45: Nominatim/OpenStreetMap | M45: Canoas | N45: RS | O45: Coordenada aproximada pelo município, não pelo CEP exato. | P45: =_xlfn.XLOOKUP(empresas_identificadas_complementadas[[#This Row],[cnpj]],empresas_filtradas[cnpj],empresas_filtradas[email]) -> ATENDIMENTO@SAC.WHITEMARTINS.COM.BR | Q45: =_xlfn.XLOOKUP(empresas_identificadas_complementadas[[#This Row],[cnpj]],empresas_filtradas!A:A,empresas_filtradas!M:M) -> Potencial Planta
A46: 35820448014277 | B46: talvez | C46: 80km | D46: 6230100 | E46: SP | F46: 6789 | G46: ABC/Capuava/SP | H46: petroquimico_industrial | I46: 36.67 | J46: -23.518218 | K46: -46.794905 | L46: Nominatim/OpenStreetMap | M46: Osasco | N46: SP | P46: =_xlfn.XLOOKUP(empresas_identificadas_complementadas[[#This Row],[cnpj]],empresas_filtradas[cnpj],empresas_filtradas[email]) -> ATENDIMENTO@SAC.WHITEMARTINS.COM.BR | Q46: =_xlfn.XLOOKUP(empresas_identificadas_complementadas[[#This Row],[cnpj]],empresas_filtradas!A:A,empresas_filtradas!M:M) -> Não Planta
A47: 43843358002132 | B47: talvez | C47: CTF_APP | D47: 89240000 | E47: SC | F47: 8319 | G47: Araucária/REPAR/PR | H47: refino | I47: 109.03 | J47: -26.233773 | K47: -48.585223 | L47: Nominatim/OpenStreetMap | P47: =_xlfn.XLOOKUP(empresas_identificadas_complementadas[[#This Row],[cnpj]],empresas_filtradas[cnpj],empresas_filtradas[email]) -> IMPNFE@AIRPRODUCTS.COM | Q47: =_xlfn.XLOOKUP(empresas_identificadas_complementadas[[#This Row],[cnpj]],empresas_filtradas!A:A,empresas_filtradas!M:M) -> Potencial Planta
A48: 67423152000330 | B48: talvez | C48: CTF_APP e 80km | D48: 12042025 | E48: SP | F48: 7183 | G48: Jacareí/SP | H48: gases_industriais | I48: 47.31 | J48: -23.041085 | K48: -45.602009 | L48: Nominatim/OpenStreetMap | M48: Taubaté | N48: SP | P48: =_xlfn.XLOOKUP(empresas_identificadas_complementadas[[#This Row],[cnpj]],empresas_filtradas[cnpj],empresas_filtradas[email]) -> ibg3@ibg.com.br | Q48: =_xlfn.XLOOKUP(empresas_identificadas_complementadas[[#This Row],[cnpj]],empresas_filtradas!A:A,empresas_filtradas!M:M) -> Relação
A49: 60619202000148 | B49: talvez | C49: 80km | D49: 6455911 | E49: SP | F49: 6213 | G49: ABC/Capuava/SP | H49: petroquimico_industrial | I49: 44.6 | J49: -23.511218 | K49: -46.876461 | L49: Nominatim/OpenStreetMap | M49: Barueri | N49: SP | O49: Coordenada aproximada pelo município, não pelo CEP exato. | P49: =_xlfn.XLOOKUP(empresas_identificadas_complementadas[[#This Row],[cnpj]],empresas_filtradas[cnpj],empresas_filtradas[email]) -> TAX.COMPLIANCE@MESSER-BR.COM | Q49: =_xlfn.XLOOKUP(empresas_identificadas_complementadas[[#This Row],[cnpj]],empresas_filtradas!A:A,empresas_filtradas!M:M) -> Não Planta
A50: 35820448005448 | B50: talvez | C50: CTF_APP | D50: 86067090 | E50: PR | F50: 7667 | G50: Araucária/REPAR/PR | H50: refino | I50: 314.29 | J50: -23.293713 | K50: -51.219485 | L50: Nominatim/OpenStreetMap | M50: Londrina | N50: PR | P50: =_xlfn.XLOOKUP(empresas_identificadas_complementadas[[#This Row],[cnpj]],empresas_filtradas[cnpj],empresas_filtradas[email]) -> ATENDIMENTO@SAC.WHITEMARTINS.COM.BR | Q50: =_xlfn.XLOOKUP(empresas_identificadas_complementadas[[#This Row],[cnpj]],empresas_filtradas!A:A,empresas_filtradas!M:M) -> Não Planta
A51: 60619202005450 | B51: talvez | C51: CTF_APP e 80km | D51: 27970020 | E51: RJ | F51: 5847 | G51: Macaé/RJ | H51: oleo_gas | I51: 23.25 | J51: -22.28283 | K51: -41.964909 | L51: Nominatim/OpenStreetMap | M51: Macaé | N51: RJ | O51: Coordenada aproximada pelo município, não pelo CEP exato. | P51: =_xlfn.XLOOKUP(empresas_identificadas_complementadas[[#This Row],[cnpj]],empresas_filtradas[cnpj],empresas_filtradas[email]) -> TAX.COMPLIANCE@MESSER-BR.COM | Q51: =_xlfn.XLOOKUP(empresas_identificadas_complementadas[[#This Row],[cnpj]],empresas_filtradas!A:A,empresas_filtradas!M:M) -> Potencial Planta
A52: 331788001603 | B52: talvez | C52: CTF_APP e 80km | D52: 13069472 | E52: SP | F52: 6291 | G52: Paulínia/REPLAN/SP | H52: refino_petroquimico | I52: 21.33 | J52: -22.905639 | K52: -47.059564 | L52: Nominatim/OpenStreetMap | M52: Campinas | N52: SP | O52: Coordenada aproximada pelo município, não pelo CEP exato. | P52: =_xlfn.XLOOKUP(empresas_identificadas_complementadas[[#This Row],[cnpj]],empresas_filtradas[cnpj],empresas_filtradas[email]) -> BRALB-PARALEGAL@AIRLIQUIDE.COM | Q52: =_xlfn.XLOOKUP(empresas_identificadas_complementadas[[#This Row],[cnpj]],empresas_filtradas!A:A,empresas_filtradas!M:M) -> Potencial Planta
A53: 35820448015591 | B53: talvez | C53: CTF_APP e 80km | D53: 35160291 | E53: MG | F53: 4625 | G53: Vale do Aço/MG | H53: siderurgia | I53: 3.66 | J53: -19.490296 | K53: -42.561729 | L53: Nominatim/OpenStreetMap | M53: Ipatinga | N53: MG | P53: =_xlfn.XLOOKUP(empresas_identificadas_complementadas[[#This Row],[cnpj]],empresas_filtradas[cnpj],empresas_filtradas[email]) -> ATENDIMENTO@SAC.WHITEMARTINS.COM.BR | Q53: =_xlfn.XLOOKUP(empresas_identificadas_complementadas[[#This Row],[cnpj]],empresas_filtradas!A:A,empresas_filtradas!M:M) -> Potencial Planta
A54: 24380578005300 | B54: talvez | C54: CTF_APP | D54: 45930000 | E54: BA | F54: 3741 | G54: Serra/Tubarão/ES | H54: siderurgia_portuario | I54: 252.19 | J54: -18.086471 | K54: -39.551282 | L54: Nominatim/OpenStreetMap | M54: Mucuri | N54: BA | P54: =_xlfn.XLOOKUP(empresas_identificadas_complementadas[[#This Row],[cnpj]],empresas_filtradas[cnpj],empresas_filtradas[email]) -> ATENDIMENTO@SAC.WHITEMARTINS.COM.BR | Q54: =_xlfn.XLOOKUP(empresas_identificadas_complementadas[[#This Row],[cnpj]],empresas_filtradas!A:A,empresas_filtradas!M:M) -> Não Planta
A55: 331788004882 | B55: talvez | C55: CTF_APP e 80km | D55: 9015901 | E55: SP | F55: 7057 | G55: ABC/Capuava/SP | H55: petroquimico_industrial | I55: 4.74 | J55: -23.661028 | K55: -46.516573 | L55: Nominatim/OpenStreetMap | M55: Santo André | N55: SP | P55: =_xlfn.XLOOKUP(empresas_identificadas_complementadas[[#This Row],[cnpj]],empresas_filtradas[cnpj],empresas_filtradas[email]) -> BRALB-PARALEGAL@AIRLIQUIDE.COM | Q55: =_xlfn.XLOOKUP(empresas_identificadas_complementadas[[#This Row],[cnpj]],empresas_filtradas!A:A,empresas_filtradas!M:M) -> Potencial Planta
A56: 17352435000106 | B56: talvez | C56: 80km | D56: 24858088 | E56: RJ | F56: 5837 | G56: Duque de Caxias/REDUC/RJ | H56: refino_petroquimico | I56: 34.59 | J56: -22.77469 | K56: -42.940691 | L56: Nominatim/OpenStreetMap | M56: Itaboraí | N56: RJ | P56: =_xlfn.XLOOKUP(empresas_identificadas_complementadas[[#This Row],[cnpj]],empresas_filtradas[cnpj],empresas_filtradas[email]) -> COMERCIAL@MLXGASES.COM.BR | Q56: =_xlfn.XLOOKUP(empresas_identificadas_complementadas[[#This Row],[cnpj]],empresas_filtradas!A:A,empresas_filtradas!M:M) -> Sem Relação
A57: 74481011000762 | B57: talvez | C57: CTF_APP | D57: 88390000 | E57: SC | F57: 8041 | G57: Araucária/REPAR/PR | H57: refino | I57: 136.85 | J57: -26.63382 | K57: -48.6835 | L57: Nominatim/OpenStreetMap | M57: Barra Velha | N57: SC | P57: =_xlfn.XLOOKUP(empresas_identificadas_complementadas[[#This Row],[cnpj]],empresas_filtradas[cnpj],empresas_filtradas[email]) -> LUCAS@IBG.COM.BR | Q57: =_xlfn.XLOOKUP(empresas_identificadas_complementadas[[#This Row],[cnpj]],empresas_filtradas!A:A,empresas_filtradas!M:M) -> Relação
A58: 331788001786 | B58: talvez | C58: CTF_APP e 80km | D58: 13140031 | E58: SP | F58: 6831 | G58: Paulínia/REPLAN/SP | H58: refino_petroquimico | I58: 3.39 | J58: -22.752418 | K58: -47.157824 | L58: Nominatim/OpenStreetMap | M58: Paulínia | N58: SP | P58: =_xlfn.XLOOKUP(empresas_identificadas_complementadas[[#This Row],[cnpj]],empresas_filtradas[cnpj],empresas_filtradas[email]) -> BRALB-PARALEGAL@AIRLIQUIDE.COM | Q58: =_xlfn.XLOOKUP(empresas_identificadas_complementadas[[#This Row],[cnpj]],empresas_filtradas!A:A,empresas_filtradas!M:M) -> Planta
A59: 331788003134 | B59: talvez | C59: CTF_APP e 80km | D59: 32250010 | E59: MG | F59: 4371 | G59: Barreiro/BH/MG | H59: industrial_metalurgico | I59: 11.01 | J59: -19.913275 | K59: -44.084095 | L59: Nominatim/OpenStreetMap | M59: Contagem | N59: MG | O59: Coordenada aproximada pelo município, não pelo CEP exato. | P59: =_xlfn.XLOOKUP(empresas_identificadas_complementadas[[#This Row],[cnpj]],empresas_filtradas[cnpj],empresas_filtradas[email]) -> BRALB-PARALEGAL@AIRLIQUIDE.COM | Q59: =_xlfn.XLOOKUP(empresas_identificadas_complementadas[[#This Row],[cnpj]],empresas_filtradas!A:A,empresas_filtradas!M:M) -> Potencial Planta
A60: 24380578002475 | B60: talvez | C60: CTF_APP | D60: 64027462 | E60: PI | F60: 1219 | G60: Pecém/CE | H60: porto_industrial | I60: 475.82 | J60: -5.1438012 | K60: -42.793923 | L60: Nominatim/OpenStreetMap | M60: Teresina | N60: PI | P60: =_xlfn.XLOOKUP(empresas_identificadas_complementadas[[#This Row],[cnpj]],empresas_filtradas[cnpj],empresas_filtradas[email]) -> ATENDIMENTO@SAC.WHITEMARTINS.COM.BR | Q60: =_xlfn.XLOOKUP(empresas_identificadas_complementadas[[#This Row],[cnpj]],empresas_filtradas!A:A,empresas_filtradas!M:M) -> Não Planta
A61: 24380578004338 | B61: talvez | C61: CTF_APP e 80km | D61: 42816180 | E61: BA | F61: 3413 | G61: Camaçari/BA | H61: petroquimico | I61: 2.48 | J61: -12.674079 | K61: -38.323711 | L61: Nominatim/OpenStreetMap | M61: Camaçari | N61: BA | P61: =_xlfn.XLOOKUP(empresas_identificadas_complementadas[[#This Row],[cnpj]],empresas_filtradas[cnpj],empresas_filtradas[email]) -> ATENDIMENTO@SAC.WHITEMARTINS.COM.BR | Q61: =_xlfn.XLOOKUP(empresas_identificadas_complementadas[[#This Row],[cnpj]],empresas_filtradas!A:A,empresas_filtradas!M:M) -> Potencial Planta
A62: 34597955001242 | B62: talvez | C62: CTF_APP | D62: 68508020 | E62: PA | F62: 483 | G62: Barcarena/Vila do Conde/PA | H62: alumina_aluminio_portuario | I62: 424.65 | J62: -5.3462821 | K62: -49.10074 | L62: Nominatim/OpenStreetMap | M62: Marabá | N62: PA | O62: Coordenada aproximada pelo município, não pelo CEP exato. | P62: =_xlfn.XLOOKUP(empresas_identificadas_complementadas[[#This Row],[cnpj]],empresas_filtradas[cnpj],empresas_filtradas[email]) -> ESPECIALISTA_FISCAL_CAMPO@LINDE.COM | Q62: =_xlfn.XLOOKUP(empresas_identificadas_complementadas[[#This Row],[cnpj]],empresas_filtradas!A:A,empresas_filtradas!M:M) -> Não Planta
A63: 35820448004638 | B63: talvez | C63: CTF_APP | D63: 36092901 | E63: MG | F63: 4733 | G63: Volta Redonda/CSN/RJ | H63: siderurgia | I63: 119.66 | J63: -21.642089 | K63: -43.43696 | L63: Nominatim/OpenStreetMap | M63: Juiz de Fora | N63: MG | P63: =_xlfn.XLOOKUP(empresas_identificadas_complementadas[[#This Row],[cnpj]],empresas_filtradas[cnpj],empresas_filtradas[email]) -> GEORGE.LAU@LINDE.COM | Q63: =_xlfn.XLOOKUP(empresas_identificadas_complementadas[[#This Row],[cnpj]],empresas_filtradas!A:A,empresas_filtradas!M:M) -> Não Planta
A64: 35820448006339 | B64: talvez | C64: CTF_APP e 80km | D64: 93212220 | E64: RS | F64: 8901 | G64: Canoas/REFAP/RS | H64: refino | I64: 9.49 | J64: -29.827179 | K64: -51.172522 | L64: Nominatim/OpenStreetMap | M64: Sapucaia do Sul | N64: RS | P64: =_xlfn.XLOOKUP(empresas_identificadas_complementadas[[#This Row],[cnpj]],empresas_filtradas[cnpj],empresas_filtradas[email]) -> ATENDIMENTO@SAC.WHITEMARTINS.COM.BR | Q64: =_xlfn.XLOOKUP(empresas_identificadas_complementadas[[#This Row],[cnpj]],empresas_filtradas!A:A,empresas_filtradas!M:M) -> Potencial Planta
A65: 43843358001322 | B65: talvez | C65: CTF_APP | D65: 88535000 | E65: SC | F65: 8395 | G65: Araucária/REPAR/PR | H65: refino | I65: 241.9 | J65: -27.587688 | K65: -50.361448 | L65: Nominatim/OpenStreetMap | M65: Correia Pinto | N65: SC | P65: =_xlfn.XLOOKUP(empresas_identificadas_complementadas[[#This Row],[cnpj]],empresas_filtradas[cnpj],empresas_filtradas[email]) -> IMPNFE@AIRPRODUCTS.COM | Q65: =_xlfn.XLOOKUP(empresas_identificadas_complementadas[[#This Row],[cnpj]],empresas_filtradas!A:A,empresas_filtradas!M:M) -> Potencial Planta
A66: 60619202007231 | B66: talvez | C66: CTF_APP e 80km | D66: 35180001 | E66: MG | F66: 5373 | G66: Vale do Aço/MG | H66: siderurgia | I66: 16.57 | J66: -19.57714 | K66: -42.643611 | L66: Nominatim/OpenStreetMap | M66: Timóteo | N66: MG | O66: Coordenada aproximada pelo município, não pelo CEP exato. | P66: =_xlfn.XLOOKUP(empresas_identificadas_complementadas[[#This Row],[cnpj]],empresas_filtradas[cnpj],empresas_filtradas[email]) -> TAX.COMPLIANCE@MESSER-BR.COM | Q66: =_xlfn.XLOOKUP(empresas_identificadas_complementadas[[#This Row],[cnpj]],empresas_filtradas!A:A,empresas_filtradas!M:M) -> Potencial Planta
A67: 331788003649 | B67: talvez | C67: CTF_APP | D67: 74993530 | E67: GO | F67: 9227 | G67: Uberaba/MG | H67: fertilizantes_quimico | I67: 353.2 | J67: -16.822677 | K67: -49.245255 | L67: Nominatim/OpenStreetMap | M67: Aparecida de Goiânia | N67: GO | O67: Coordenada aproximada pelo município, não pelo CEP exato. | P67: =_xlfn.XLOOKUP(empresas_identificadas_complementadas[[#This Row],[cnpj]],empresas_filtradas[cnpj],empresas_filtradas[email]) -> BRALB-PARALEGAL@AIRLIQUIDE.COM | Q67: =_xlfn.XLOOKUP(empresas_identificadas_complementadas[[#This Row],[cnpj]],empresas_filtradas!A:A,empresas_filtradas!M:M) -> Não Planta
A68: 35820448012657 | B68: talvez | C68: CTF_APP | D68: 39404620 | E68: MG | F68: 4865 | G68: Vale do Aço/MG | H68: siderurgia | I68: 338.97 | J68: -16.691673 | K68: -43.860497 | L68: Nominatim/OpenStreetMap | M68: Montes Claros | N68: MG | P68: =_xlfn.XLOOKUP(empresas_identificadas_complementadas[[#This Row],[cnpj]],empresas_filtradas[cnpj],empresas_filtradas[email]) -> ATENDIMENTO@SAC.WHITEMARTINS.COM.BR | Q68: =_xlfn.XLOOKUP(empresas_identificadas_complementadas[[#This Row],[cnpj]],empresas_filtradas!A:A,empresas_filtradas!M:M) -> Não Planta
A69: 331788000380 | B69: talvez | C69: CTF_APP e 80km | D69: 8686000 | E69: SP | F69: 7151 | G69: ABC/Capuava/SP | H69: petroquimico_industrial | I69: 20.81 | J69: -23.542784 | K69: -46.310839 | L69: Nominatim/OpenStreetMap | M69: Suzano | N69: SP | O69: Coordenada aproximada pelo município, não pelo CEP exato. | P69: =_xlfn.XLOOKUP(empresas_identificadas_complementadas[[#This Row],[cnpj]],empresas_filtradas[cnpj],empresas_filtradas[email]) -> BRALB-PARALEGAL@AIRLIQUIDE.COM | Q69: =_xlfn.XLOOKUP(empresas_identificadas_complementadas[[#This Row],[cnpj]],empresas_filtradas!A:A,empresas_filtradas!M:M) -> Potencial Planta
A70: 331788000704 | B70: talvez | C70: CTF_APP e 80km | D70: 13212240 | E70: SP | F70: 6619 | G70: Paulínia/REPLAN/SP | H70: refino_petroquimico | I70: 57.43 | J70: -23.188767 | K70: -46.884506 | L70: Nominatim/OpenStreetMap | M70: Jundiaí | N70: SP | O70: Coordenada aproximada pelo município, não pelo CEP exato. | P70: =_xlfn.XLOOKUP(empresas_identificadas_complementadas[[#This Row],[cnpj]],empresas_filtradas[cnpj],empresas_filtradas[email]) -> BRALB-PARALEGAL@AIRLIQUIDE.COM | Q70: =_xlfn.XLOOKUP(empresas_identificadas_complementadas[[#This Row],[cnpj]],empresas_filtradas!A:A,empresas_filtradas!M:M) -> Potencial Planta
A71: 67423152000844 | B71: talvez | C71: CTF_APP | D71: 15035210 | E71: SP | F71: 7097 | G71: Uberaba/MG | H71: fertilizantes_quimico | I71: 191.42 | J71: -20.812585 | K71: -49.380421 | L71: Nominatim/OpenStreetMap | M71: São José do Rio Preto | N71: SP | O71: Coordenada aproximada pelo município, não pelo CEP exato. | P71: =_xlfn.XLOOKUP(empresas_identificadas_complementadas[[#This Row],[cnpj]],empresas_filtradas[cnpj],empresas_filtradas[email]) -> IBG8@IBG.COM.BR | Q71: =_xlfn.XLOOKUP(empresas_identificadas_complementadas[[#This Row],[cnpj]],empresas_filtradas!A:A,empresas_filtradas!M:M) -> Relação
A72: 35820448019074 | B72: talvez | C72: CTF_APP e 80km | D72: 96745000 | E72: RS | F72: 8693 | G72: Triunfo/RS | H72: petroquimico | I72: 24.6 | J72: -29.954909 | K72: -51.624953 | L72: Nominatim/OpenStreetMap | M72: Charqueadas | N72: RS | P72: =_xlfn.XLOOKUP(empresas_identificadas_complementadas[[#This Row],[cnpj]],empresas_filtradas[cnpj],empresas_filtradas[email]) -> ATENDIMENTO@SAC.WHITEMARTINS.COM.BR | Q72: =_xlfn.XLOOKUP(empresas_identificadas_complementadas[[#This Row],[cnpj]],empresas_filtradas!A:A,empresas_filtradas!M:M) -> Potencial Planta
A73: 24380578005814 | B73: talvez | C73: 80km | D73: 42850000 | E73: BA | F73: 3087 | G73: Camaçari/BA | H73: petroquimico | I73: 9.78 | J73: -12.610723 | K73: -38.302852 | L73: Nominatim/OpenStreetMap | M73: Dias D'Ávila | N73: BA | P73: =_xlfn.XLOOKUP(empresas_identificadas_complementadas[[#This Row],[cnpj]],empresas_filtradas[cnpj],empresas_filtradas[email]) -> ATENDIMENTO@SAC.WHITEMARTINS.COM.BR | Q73: =_xlfn.XLOOKUP(empresas_identificadas_complementadas[[#This Row],[cnpj]],empresas_filtradas!A:A,empresas_filtradas!M:M) -> Potencial Planta
A74: 331788004963 | B74: talvez | C74: CTF_APP e 80km | D74: 12241420 | E74: SP | F74: 7099 | G74: Jacareí/SP | H74: gases_industriais | I74: 15.46 | J74: -23.186778 | K74: -45.885454 | L74: Nominatim/OpenStreetMap | M74: São José dos Campos | N74: SP | O74: Coordenada aproximada pelo município, não pelo CEP exato. | P74: =_xlfn.XLOOKUP(empresas_identificadas_complementadas[[#This Row],[cnpj]],empresas_filtradas[cnpj],empresas_filtradas[email]) -> BRALB-PARALEGAL@AIRLIQUIDE.COM | Q74: =_xlfn.XLOOKUP(empresas_identificadas_complementadas[[#This Row],[cnpj]],empresas_filtradas!A:A,empresas_filtradas!M:M) -> Potencial Planta
A75: 331788008365 | B75: talvez | C75: CTF_APP e 80km | D75: 67120370 | E75: PA | F75: 415 | G75: Barcarena/Vila do Conde/PA | H75: alumina_aluminio_portuario | I75: 42.72 | J75: -1.374035 | K75: -48.401662 | L75: Nominatim/OpenStreetMap | M75: Ananindeua | N75: PA | O75: Coordenada aproximada pelo município, não pelo CEP exato. | P75: =_xlfn.XLOOKUP(empresas_identificadas_complementadas[[#This Row],[cnpj]],empresas_filtradas[cnpj],empresas_filtradas[email]) -> BRALB-PARALEGAL@AIRLIQUIDE.COM | Q75: =_xlfn.XLOOKUP(empresas_identificadas_complementadas[[#This Row],[cnpj]],empresas_filtradas!A:A,empresas_filtradas!M:M) -> Potencial Planta
A76: 331788007717 | B76: talvez | C76: CTF_APP | D76: 84350000 | E76: PR | F76: 7727 | G76: Araucária/REPAR/PR | H76: refino | I76: 216.79 | J76: -24.208889 | K76: -50.925043 | L76: Nominatim/OpenStreetMap | M76: Ortigueira | N76: PR | P76: =_xlfn.XLOOKUP(empresas_identificadas_complementadas[[#This Row],[cnpj]],empresas_filtradas[cnpj],empresas_filtradas[email]) -> BRALB-PARALEGAL@AIRLIQUIDE.COM | Q76: =_xlfn.XLOOKUP(empresas_identificadas_complementadas[[#This Row],[cnpj]],empresas_filtradas!A:A,empresas_filtradas!M:M) -> Não Planta
A77: 24380578006110 | B77: talvez | D77: 71200030 | E77: DF | F77: 9701 | G77: Uberaba/MG | H77: fertilizantes_quimico | I77: 439.6 | J77: -15.793987 | K77: -47.8828 | L77: Nominatim/OpenStreetMap | M77: Brasília | N77: DF | O77: Coordenada aproximada pelo município, não pelo CEP exato. | P77: =_xlfn.XLOOKUP(empresas_identificadas_complementadas[[#This Row],[cnpj]],empresas_filtradas[cnpj],empresas_filtradas[email]) -> ATENDIMENTO@SAC.WHITEMARTINS.COM.BR | Q77: =_xlfn.XLOOKUP(empresas_identificadas_complementadas[[#This Row],[cnpj]],empresas_filtradas!A:A,empresas_filtradas!M:M) -> Não Planta
A78: 28606961000163 | B78: talvez | D78: 58884000 | E78: PB | F78: 1987 | G78: Pecém/CE | H78: porto_industrial | I78: 331.97 | J78: -6.340625 | K78: -37.746967 | L78: Nominatim/OpenStreetMap | M78: Catolé do Rocha | N78: PB | P78: =_xlfn.XLOOKUP(empresas_identificadas_complementadas[[#This Row],[cnpj]],empresas_filtradas[cnpj],empresas_filtradas[email]) -> OXIBORGES@BOL.COM.BR | Q78: =_xlfn.XLOOKUP(empresas_identificadas_complementadas[[#This Row],[cnpj]],empresas_filtradas!A:A,empresas_filtradas!M:M) -> Sem Relação
A79: 35820448021990 | B79: talvez | C79: CTF_APP | D79: 18685900 | E79: SP | F79: 6637 | G79: Paulínia/REPLAN/SP | H79: refino_petroquimico | I79: 171.42 | J79: -22.60299 | K79: -48.803137 | L79: Nominatim/OpenStreetMap | M79: Lençóis Paulista | N79: SP | O79: Coordenada aproximada pelo município, não pelo CEP exato. | P79: =_xlfn.XLOOKUP(empresas_identificadas_complementadas[[#This Row],[cnpj]],empresas_filtradas[cnpj],empresas_filtradas[email]) -> ATENDIMENTO@SAC.WHITEMARTINS.COM.BR | Q79: =_xlfn.XLOOKUP(empresas_identificadas_complementadas[[#This Row],[cnpj]],empresas_filtradas!A:A,empresas_filtradas!M:M) -> Não Planta
A80: 331788000119 | B80: talvez | C80: 80km | D80: 4703901 | E80: SP | F80: 7107 | G80: ABC/Capuava/SP | H80: petroquimico_industrial | I80: 24 | J80: -23.620008 | K80: -46.701493 | L80: Nominatim/OpenStreetMap | M80: São Paulo | N80: SP | P80: =_xlfn.XLOOKUP(empresas_identificadas_complementadas[[#This Row],[cnpj]],empresas_filtradas[cnpj],empresas_filtradas[email]) -> BRALB-PARALEGAL@AIRLIQUIDE.COM | Q80: =_xlfn.XLOOKUP(empresas_identificadas_complementadas[[#This Row],[cnpj]],empresas_filtradas!A:A,empresas_filtradas!M:M) -> Não Planta
A81: 331788001948 | B81: talvez | C81: CTF_APP e 80km | D81: 7220080 | E81: SP | F81: 6477 | G81: ABC/Capuava/SP | H81: petroquimico_industrial | I81: 22.19 | J81: -23.467594 | K81: -46.52777 | L81: Nominatim/OpenStreetMap | M81: Guarulhos | N81: SP | O81: Coordenada aproximada pelo município, não pelo CEP exato. | P81: =_xlfn.XLOOKUP(empresas_identificadas_complementadas[[#This Row],[cnpj]],empresas_filtradas[cnpj],empresas_filtradas[email]) -> BRALB-PARALEGAL@AIRLIQUIDE.COM | Q81: =_xlfn.XLOOKUP(empresas_identificadas_complementadas[[#This Row],[cnpj]],empresas_filtradas!A:A,empresas_filtradas!M:M) -> Potencial Planta
A82: 35820448001884 | B82: talvez | C82: CTF_APP | D82: 71200030 | E82: DF | F82: 9701 | G82: Uberaba/MG | H82: fertilizantes_quimico | I82: 439.6 | J82: -15.793987 | K82: -47.8828 | L82: Nominatim/OpenStreetMap | M82: Brasília | N82: DF | O82: Coordenada aproximada pelo município, não pelo CEP exato. | P82: =_xlfn.XLOOKUP(empresas_identificadas_complementadas[[#This Row],[cnpj]],empresas_filtradas[cnpj],empresas_filtradas[email]) -> ATENDIMENTO@SAC.WHITEMARTINS.COM.BR | Q82: =_xlfn.XLOOKUP(empresas_identificadas_complementadas[[#This Row],[cnpj]],empresas_filtradas!A:A,empresas_filtradas!M:M) -> Não Planta
A83: 35820448009516 | B83: talvez | C83: CTF_APP | D83: 17034480 | E83: SP | F83: 6219 | G83: Paulínia/REPLAN/SP | H83: refino_petroquimico | I83: 203.52 | J83: -22.31738 | K83: -49.068978 | L83: Nominatim/OpenStreetMap | M83: Bauru | N83: SP | O83: Coordenada aproximada pelo município, não pelo CEP exato. | P83: =_xlfn.XLOOKUP(empresas_identificadas_complementadas[[#This Row],[cnpj]],empresas_filtradas[cnpj],empresas_filtradas[email]) -> ATENDIMENTO@SAC.WHITEMARTINS.COM.BR | Q83: =_xlfn.XLOOKUP(empresas_identificadas_complementadas[[#This Row],[cnpj]],empresas_filtradas!A:A,empresas_filtradas!M:M) -> Não Planta
A84: 35820448016644 | B84: talvez | C84: 80km | D84: 9380435 | E84: SP | F84: 6689 | G84: ABC/Capuava/SP | H84: petroquimico_industrial | I84: 1.15 | J84: -23.666953 | K84: -46.461692 | L84: Nominatim/OpenStreetMap | M84: Mauá | N84: SP | O84: Coordenada aproximada pelo município, não pelo CEP exato. | P84: =_xlfn.XLOOKUP(empresas_identificadas_complementadas[[#This Row],[cnpj]],empresas_filtradas[cnpj],empresas_filtradas[email]) -> ATENDIMENTO@SAC.WHITEMARTINS.COM.BR | Q84: =_xlfn.XLOOKUP(empresas_identificadas_complementadas[[#This Row],[cnpj]],empresas_filtradas!A:A,empresas_filtradas!M:M) -> Não Planta
A85: 35820448017969 | B85: talvez | C85: CTF_APP e 80km | D85: 29160904 | E85: ES | F85: 5699 | G85: Serra/Tubarão/ES | H85: siderurgia_portuario | I85: 14.74 | J85: -20.125296 | K85: -40.306448 | L85: Nominatim/OpenStreetMap | M85: Serra | N85: ES | O85: Coordenada aproximada pelo município, não pelo CEP exato. | P85: =_xlfn.XLOOKUP(empresas_identificadas_complementadas[[#This Row],[cnpj]],empresas_filtradas[cnpj],empresas_filtradas[email]) -> ATENDIMENTO@SAC.WHITEMARTINS.COM.BR | Q85: =_xlfn.XLOOKUP(empresas_identificadas_complementadas[[#This Row],[cnpj]],empresas_filtradas!A:A,empresas_filtradas!M:M) -> Potencial Planta
A86: 35820448018000 | B86: talvez | C86: 80km | D86: 29197551 | E86: ES | F86: 5611 | G86: Serra/Tubarão/ES | H86: siderurgia_portuario | I86: 47.54 | J86: -19.824522 | K86: -40.273502 | L86: Nominatim/OpenStreetMap | M86: Aracruz | N86: ES | O86: Coordenada aproximada pelo município, não pelo CEP exato. | P86: =_xlfn.XLOOKUP(empresas_identificadas_complementadas[[#This Row],[cnpj]],empresas_filtradas[cnpj],empresas_filtradas[email]) -> ATENDIMENTO@SAC.WHITEMARTINS.COM.BR | Q86: =_xlfn.XLOOKUP(empresas_identificadas_complementadas[[#This Row],[cnpj]],empresas_filtradas!A:A,empresas_filtradas!M:M) -> Não Planta
A87: 35820448018183 | B87: talvez | C87: CTF_APP e 80km | D87: 29140080 | E87: ES | F87: 5625 | G87: Serra/Tubarão/ES | H87: siderurgia_portuario | I87: 13.84 | J87: -20.340476 | K87: -40.358398 | L87: Nominatim/OpenStreetMap | M87: Cariacica | N87: ES | P87: =_xlfn.XLOOKUP(empresas_identificadas_complementadas[[#This Row],[cnpj]],empresas_filtradas[cnpj],empresas_filtradas[email]) -> ATENDIMENTO@SAC.WHITEMARTINS.COM.BR | Q87: =_xlfn.XLOOKUP(empresas_identificadas_complementadas[[#This Row],[cnpj]],empresas_filtradas!A:A,empresas_filtradas!M:M) -> Potencial Planta
A88: 60619202003597 | B88: talvez | C88: CTF_APP e 80km | D88: 81270010 | E88: PR | F88: 7535 | G88: Araucária/REPAR/PR | H88: refino | I88: 15.55 | J88: -25.452397 | K88: -49.364716 | L88: Nominatim/OpenStreetMap | M88: Curitiba | N88: PR | P88: =_xlfn.XLOOKUP(empresas_identificadas_complementadas[[#This Row],[cnpj]],empresas_filtradas[cnpj],empresas_filtradas[email]) -> TAX.COMPLIANCE@MESSER-BR.COM | Q88: =_xlfn.XLOOKUP(empresas_identificadas_complementadas[[#This Row],[cnpj]],empresas_filtradas!A:A,empresas_filtradas!M:M) -> Potencial Planta
A89: 67423152000763 | B89: talvez | C89: CTF_APP e 80km | D89: 54520600 | E89: PE | F89: 2357 | G89: Suape/PE | H89: porto_industrial | I89: 14.44 | J89: -8.28773 | K89: -35.02925 | L89: BrasilAPI CEP v2 | M89: Cabo de Santo Agostinho | N89: PE | P89: =_xlfn.XLOOKUP(empresas_identificadas_complementadas[[#This Row],[cnpj]],empresas_filtradas[cnpj],empresas_filtradas[email]) -> IBG7@IBG.COM.BR | Q89: =_xlfn.XLOOKUP(empresas_identificadas_complementadas[[#This Row],[cnpj]],empresas_filtradas!A:A,empresas_filtradas!M:M) -> Relação
A90: 60619202001209 | B90: talvez | C90: CTF_APP e 80km | D90: 54335000 | E90: PE | F90: 2457 | G90: Suape/PE | H90: porto_industrial | I90: 25.05 | J90: -8.1735122 | K90: -34.9413 | L90: Nominatim/OpenStreetMap | M90: Jaboatão dos Guararapes | N90: PE | P90: =_xlfn.XLOOKUP(empresas_identificadas_complementadas[[#This Row],[cnpj]],empresas_filtradas[cnpj],empresas_filtradas[email]) -> TAX.COMPLIANCE@MESSER-BR.COM | Q90: =_xlfn.XLOOKUP(empresas_identificadas_complementadas[[#This Row],[cnpj]],empresas_filtradas!A:A,empresas_filtradas!M:M) -> Potencial Planta
A91: 331788002162 | B91: talvez | C91: CTF_APP e 80km | D91: 43721445 | E91: BA | F91: 3913 | G91: Camaçari/BA | H91: petroquimico | I91: 13.25 | J91: -12.786784 | K91: -38.403036 | L91: Nominatim/OpenStreetMap | M91: Simões Filho | N91: BA | O91: Coordenada aproximada pelo município, não pelo CEP exato. | P91: =_xlfn.XLOOKUP(empresas_identificadas_complementadas[[#This Row],[cnpj]],empresas_filtradas[cnpj],empresas_filtradas[email]) -> BRALB-PARALEGAL@AIRLIQUIDE.COM | Q91: =_xlfn.XLOOKUP(empresas_identificadas_complementadas[[#This Row],[cnpj]],empresas_filtradas!A:A,empresas_filtradas!M:M) -> Potencial Planta
A92: 34597955001323 | B92: talvez | C92: CTF_APP e 80km | D92: 66820000 | E92: PA | F92: 427 | G92: Barcarena/Vila do Conde/PA | H92: alumina_aluminio_portuario | I92: 41.18 | J92: -1.3174748 | K92: -48.45321 | L92: Nominatim/OpenStreetMap | M92: Belém | N92: PA | P92: =_xlfn.XLOOKUP(empresas_identificadas_complementadas[[#This Row],[cnpj]],empresas_filtradas[cnpj],empresas_filtradas[email]) -> ESPECIALISTA_FISCAL_CAMPO@LINDE.COM | Q92: =_xlfn.XLOOKUP(empresas_identificadas_complementadas[[#This Row],[cnpj]],empresas_filtradas!A:A,empresas_filtradas!M:M) -> Potencial Planta
A93: 35820448013548 | B93: talvez | C93: CTF_APP e 80km | D93: 35930395 | E93: MG | F93: 4723 | G93: João Monlevade/MG | H93: siderurgia | I93: 4.2 | J93: -19.81989 | K93: -43.133688 | L93: Nominatim/OpenStreetMap | M93: João Monlevade | N93: MG | P93: =_xlfn.XLOOKUP(empresas_identificadas_complementadas[[#This Row],[cnpj]],empresas_filtradas[cnpj],empresas_filtradas[email]) -> ATENDIMENTO@SAC.WHITEMARTINS.COM.BR | Q93: =_xlfn.XLOOKUP(empresas_identificadas_complementadas[[#This Row],[cnpj]],empresas_filtradas!A:A,empresas_filtradas!M:M) -> Potencial Planta
A94: 331788002324 | B94: talvez | C94: CTF_APP e 80km | D94: 4220002 | E94: SP | F94: 7107 | G94: ABC/Capuava/SP | H94: petroquimico_industrial | I94: 13.7 | J94: -23.59834 | K94: -46.586443 | L94: Nominatim/OpenStreetMap | M94: São Paulo | N94: SP | P94: =_xlfn.XLOOKUP(empresas_identificadas_complementadas[[#This Row],[cnpj]],empresas_filtradas[cnpj],empresas_filtradas[email]) -> BRALB-PARALEGAL@AIRLIQUIDE.COM | Q94: =_xlfn.XLOOKUP(empresas_identificadas_complementadas[[#This Row],[cnpj]],empresas_filtradas!A:A,empresas_filtradas!M:M) -> Potencial Planta
A95: 35820448004476 | B95: talvez | C95: CTF_APP e 80km | D95: 35960000 | E95: MG | F95: 5143 | G95: João Monlevade/MG | H95: siderurgia | I95: 30.18 | J95: -19.959444 | K95: -43.415278 | L95: Nominatim/OpenStreetMap | M95: Santa Bárbara | N95: MG | P95: =_xlfn.XLOOKUP(empresas_identificadas_complementadas[[#This Row],[cnpj]],empresas_filtradas[cnpj],empresas_filtradas[email]) -> ATENDIMENTO@SAC.WHITEMARTINS.COM.BR | Q95: =_xlfn.XLOOKUP(empresas_identificadas_complementadas[[#This Row],[cnpj]],empresas_filtradas!A:A,empresas_filtradas!M:M) -> Potencial Planta
A96: 60619202002515 | B96: talvez | C96: CTF_APP | D96: 14165428 | E96: SP | F96: 7135 | G96: Uberaba/MG | H96: fertilizantes_quimico | I96: 154.72 | J96: -21.137578 | K96: -47.991374 | L96: Nominatim/OpenStreetMap | M96: Sertãozinho | N96: SP | O96: Coordenada aproximada pelo município, não pelo CEP exato. | P96: =_xlfn.XLOOKUP(empresas_identificadas_complementadas[[#This Row],[cnpj]],empresas_filtradas[cnpj],empresas_filtradas[email]) -> TAX.COMPLIANCE@MESSER-BR.COM | Q96: =_xlfn.XLOOKUP(empresas_identificadas_complementadas[[#This Row],[cnpj]],empresas_filtradas!A:A,empresas_filtradas!M:M) -> Não Planta
A97: 331788002758 | B97: talvez | C97: CTF_APP e 80km | D97: 92320110 | E97: RS | F97: 8589 | G97: Canoas/REFAP/RS | H97: refino | I97: 1.51 | J97: -29.925312 | K97: -51.185977 | L97: Nominatim/OpenStreetMap | M97: Canoas | N97: RS | P97: =_xlfn.XLOOKUP(empresas_identificadas_complementadas[[#This Row],[cnpj]],empresas_filtradas[cnpj],empresas_filtradas[email]) -> BRALB-PARALEGAL@AIRLIQUIDE.COM | Q97: =_xlfn.XLOOKUP(empresas_identificadas_complementadas[[#This Row],[cnpj]],empresas_filtradas!A:A,empresas_filtradas!M:M) -> Potencial Planta
A98: 35820448014005 | B98: talvez | C98: CTF_APP e 80km | D98: 27211130 | E98: RJ | F98: 5925 | G98: Volta Redonda/CSN/RJ | H98: siderurgia | I98: 4.08 | J98: -22.49104 | K98: -44.084549 | L98: Nominatim/OpenStreetMap | M98: Volta Redonda | N98: RJ | P98: =_xlfn.XLOOKUP(empresas_identificadas_complementadas[[#This Row],[cnpj]],empresas_filtradas[cnpj],empresas_filtradas[email]) -> ATENDIMENTO@SAC.WHITEMARTINS.COM.BR | Q98: =_xlfn.XLOOKUP(empresas_identificadas_complementadas[[#This Row],[cnpj]],empresas_filtradas!A:A,empresas_filtradas!M:M) -> Potencial Planta
A99: 35820448008544 | B99: talvez | C99: 80km | D99: 13064798 | E99: SP | F99: 6291 | G99: Paulínia/REPLAN/SP | H99: refino_petroquimico | I99: 21.33 | J99: -22.905639 | K99: -47.059564 | L99: Nominatim/OpenStreetMap | M99: Campinas | N99: SP | O99: Coordenada aproximada pelo município, não pelo CEP exato. | P99: =_xlfn.XLOOKUP(empresas_identificadas_complementadas[[#This Row],[cnpj]],empresas_filtradas[cnpj],empresas_filtradas[email]) -> ATENDIMENTO@SAC.WHITEMARTINS.COM.BR | Q99: =_xlfn.XLOOKUP(empresas_identificadas_complementadas[[#This Row],[cnpj]],empresas_filtradas!A:A,empresas_filtradas!M:M) -> Não Planta
A100: 10590049000103 | B100: talvez | D100: 19913520 | E100: SP | F100: 6795 | G100: Paulínia/REPLAN/SP | H100: refino_petroquimico | I100: 281.13 | J100: -22.977792 | K100: -49.868204 | L100: Nominatim/OpenStreetMap | M100: Ourinhos | N100: SP | O100: Coordenada aproximada pelo município, não pelo CEP exato. | P100: =_xlfn.XLOOKUP(empresas_identificadas_complementadas[[#This Row],[cnpj]],empresas_filtradas[cnpj],empresas_filtradas[email]) -> LG@LGCOMGAS.COM.BR | Q100: =_xlfn.XLOOKUP(empresas_identificadas_complementadas[[#This Row],[cnpj]],empresas_filtradas!A:A,empresas_filtradas!M:M) -> Sem Relação
...
